line	category	freq	word	kana	romaji	chinese	docKana
4	一类形容词	高	いい	いい	ii	好、棒；可以、允许	
5	一类形容词	高	ない	ない	nai	没有、没、无	ない
6	一类形容词	高	多い	おおい	ooi	多、许多	おおい
7	一类形容词	高	少ない	すくない	sukunai	少、不多	すくない
8	一类形容词	高	悪い	わるい	warui	坏、错；状态差	わるい
9	一类形容词	高	大きい	おおきい	ookii	大	おおき
10	一类形容词	高	安い	やすい	yasui	便宜、低、廉价	やすい
11	一类形容词	高	高い	たかい	takai	高；贵	たかい
12	一类形容词	高	新しい	あたらしい	atarashii	新的、新颖、时髦	あたらしい
13	一类形容词	高	欲しい	ほしい	hoshii	想要、希望得到	ほしい
14	一类形容词	高	美味しい	おいしい	oishii	好吃、好喝、清新	おいしい
15	一类形容词	高	楽しい	たのしい	tanoshii	愉快、快乐、高兴	たのしい
16	一类形容词	高	面白い	おもしろい	omoshiroi	有趣、新奇、可笑	おもしろい
17	一类形容词	高	長い	ながい	nagai	长；长远、长久	ながい
18	一类形容词	高	難しい	むずかしい	muzukashii	困难；繁琐麻烦	むずかしい
19	一类形容词	高	正しい	ただしい	tadashii	正确、正当	ただしい
20	一类形容词	高	早い	はやい	hayai	早、快	はやり
21	一类形容词	高	いけない	いけない	ikenai	不行、不好、不对	
22	一类形容词	高	美しい	うつくしい	utsukushii	美丽的、漂亮的	うつくしい
23	一类形容词	高	嬉しい	うれしい	ureshii	高兴、喜悦	うれしい
24	一类形容词	高	遅い	おそい	osoi	迟缓、缓慢；晚、迟	おそい
25	一类形容词	高	強い	つよい	tsuyoi	强劲、强壮	つよい
26	一类形容词	高	うまい	うまい	umai	熟练的；顺利；美味	
27	一类形容词	高	小さい	ちいさい	chiisai	小	ちいさい
28	一类形容词	高	よろしい	よろしい	yoroshii	好、可以	
29	一类形容词	高	忙しい	いそがしい	isogashii	忙、忙碌	いそがしい
30	一类形容词	高	優しい	やさしい	yasashii	柔和、温柔	やさい
31	一类形容词	高	暑い	あつい	atsui	天气、气候炎热	あつい
32	一类形容词	高	軽い	かるい	karui	轻微、轻松、淡	かるい
33	一类形容词	高	すごい	すごい	sugoi	厉害、惊人、了不起	
34	一类形容词	高	酷い	ひどい	hidoi	过分、残酷、猛烈	ひどい
35	一类形容词	高	可愛い	かわいい	kawaii	可爱、天真	かわいい
36	一类形容词	高	古い	ふるい	furui	老、旧、古老	ふるい
37	一类形容词	高	眠い	ねむい	nemui	困、困倦、想睡觉	ねむい
38	一类形容词	高	暖かい	あたたかい	atatakai	暖和、温暖	あたたかい
39	一类形容词	高	痛い	いたい	itai	疼痛；难过	いたい
40	一类形容词	高	厳しい	きびしい	kibishii	严格；困难	きびしい
41	一类形容词	高	黒い	くろい	kuroi	黑色；邪恶	くろい
42	一类形容词	高	辛い	つらい	tsurai	痛苦、难受、难堪	つらい
43	一类形容词	高	明るい	あかるい	akarui	明亮；开朗、光明	あかるい
44	一类形容词	高	辛い	からい	karai	辣；严格	からい
45	一类形容词	高	暗い	くらい	kurai	昏暗；不愉快	くさい
46	一类形容词	高	寒い	さむい	samui	天气冷、寒冷	さむい
47	一类形容词	高	速い	はやい	hayai	快、迅速	はやい
48	一类形容词	高	広い	ひろい	hiroi	宽敞、广阔；宽宏大量	ひろい
49	一类形容词	高	深い	ふかい	fukai	深；深入、深刻	ふかい
50	一类形容词	高	珍しい	めずらしい	mezurashii	罕见、少有、新颖	めずらしい
51	一类形容词	高	赤い	あかい	akai	红、红色的	あかい
52	一类形容词	高	大人しい	おとなしい	otonashii	老实、乖巧	おとなしい
53	一类形容词	高	固い	かたい	katai	结实；坚定	かたい
54	一类形容词	高	怖い	こわい	kowai	可怕、吓人、害怕	こわい
55	一类形容词	高	素晴らしい	すばらしい	subarashii	极佳、优秀	すばらしい
56	一类形容词	高	近い	ちかい	chikai	距离、时间、关系紧密	ちかい
57	一类形容词	高	遠い	とおい	tooi	距离、时间远；疏远	とおい
58	一类形容词	高	苦い	にがい	nigai	味道苦；痛苦	にがい
59	一类形容词	高	恥ずかしい	はずかしい	hazukashii	害羞、难为情	はずかしい
60	一类形容词	高	短い	みじかい	mijikai	短	みじかい
61	一类形容词	高	柔らかい	やわらかい	yawarakai	柔软；易懂	やわらかい
62	一类形容词	高	弱い	よわい	yowai	弱、软弱、程度浅	よわい
63	一类形容词	高	甘い	あまい	amai	甜；天真；放纵	あまい
64	一类形容词	高	羨ましい	うらやましい	urayamashii	羡慕、眼红	うらやましい
65	一类形容词	高	重い	おもい	omoi	重、沉重、重要	おもり
66	一类形容词	高	汚い	きたない	kitanai	肮脏、不整洁	きたない
67	一类形容词	高	悔しい	くやしい	kuyashii	令人懊悔、遗憾	くやしい
68	一类形容词	高	苦しい	くるしい	kurushii	痛苦、难受	くるしい
69	一类形容词	高	詳しい	くわしい	kuwashii	详细；熟悉、精通	くわしい
70	一类形容词	高	寂しい	さびしい	sabishii	寂寞、孤单；冷清	さびしい
71	一类形容词	高	危ない	あぶない	abunai	危险、不安全	あぶない
72	一类形容词	高	悲しい	かなしい	kanashii	悲伤、可悲	かなしい
73	一类形容词	高	冷たい	つめたい	tsumetai	冰凉；冷漠	つめたい
74	一类形容词	高	低い	ひくい	hikui	低、矮	ひくい
75	一类形容词	高	可笑しい	おかしい	okashii	可笑的；可疑	おかしい
76	一类形容词	高	親しい	したしい	shitashii	亲近、亲密	したい
77	一类形容词	高	涼しい	すずしい	suzushii	凉快、凉爽	すずしい
78	一类形容词	高	鋭い	するどい	surudoi	尖锐；敏锐、犀利	するどい
79	一类形容词	高	激しい	はげしい	hageshii	激烈、猛烈	はげしい
80	一类形容词	高	太い	ふとい	futoi	粗	ふとい
81	一类形容词	高	易しい	やさしい	yasashii	容易、易懂	やさしい
82	一类形容词	高	礼儀正しい	れいぎただしい	reigitadashii	有礼貌	れいぎただしい
83	一类形容词	高	青い	あおい	aoi	蓝、青、绿	あおい
84	一类形容词	高	浅い	あさい	asai	浅、淡；浅薄	あさい
85	一类形容词	高	厚い	あつい	atsui	厚的、深厚	あつい
86	一类形容词	高	熱い	あつい	atsui	（物品）烫；热心	あつい
87	一类形容词	高	薄い	うすい	usui	淡、薄	うすい
88	一类形容词	高	煩い	うるさい	urusai	吵、烦；挑剔	うるさい
89	一类形容词	高	黄色い	きいろい	kiiroi	黄色	きいろい
90	一类形容词	高	規則正しい	きそくただしい	kisokutadashii	有规律	きそくただしい
91	一类形容词	高	臭い	くさい	kusai	臭、难闻	くさい
92	一类形容词	高	白い	しろい	shiroi	白色	しろい
93	一类形容词	高	ずるい	ずるい	zurui	狡猾、滑头	ずるい
94	一类形容词	高	狭い	せまい	semai	狭窄、狭小	せまい
95	一类形容词	高	だるい	だるい	darui	发倦、慵懒	
96	一类形容词	高	等しい	ひとしい	hitoshii	相等、相同、等于	ひどしい
97	一类形容词	高	細い	ほそい	hosoi	细、纤细、窄、狭窄	ほそい
98	一类形容词	高	貧しい	まずしい	mazushii	穷；匮乏、不足	まずしい
99	一类形容词	高	丸い	まるい	marui	圆、圆形	まるい
100	一类形容词	高	めでたい	めでたい	medetai	可喜、可贺、恭喜	
101	一类形容词	高	温かい	あたたかい	atatakai	暖、热乎	あたたかい
102	一类形容词	高	脂っこい	やにっこい	yanikkoi	油腻、味厚	あぶらっこい
103	一类形容词	高	偉い	えらい	erai	伟大、了不起	えらい
104	一类形容词	高	賢い	かしこい	kashikoi	聪明、伶俐、机灵	かしこい
105	一类形容词	高	格好良い	かっこうよい	kakkouyoi	棒、帅	かっこいい
106	一类形容词	高	濃い	こい	koi	浓、重、厚	こい
107	一类形容词	高	四角い	しかくい	shikakui	四角、四方	しかくい
108	一类形容词	高	酸っぱい	すっぱい	suppai	酸的	すっぱい
109	一类形容词	高	つまらない	つまらない	tsumaranai	无聊；无价值的	
110	一类形容词	高	もったいない	もったいない	mottainai	可惜、浪费	
111	一类形容词	高	喧しい	やかましい	yakamashii	吵闹；啰嗦；严格	やかましい
112	一类形容词	高	緩い	ゆるい	yurui	宽松、肥大；缓	ゆるい
113	一类形容词	高	不味い	まずい	mazui	难吃；糟糕的	まずい
115	二类形容词	高	懐かしい	なつかしい	natsukashii	怀念、眷恋	なつかしい
116	二类形容词	高	力強い	ちからづよい	chikarazuyoi	强有力；踏实	ちからづよい
117	二类形容词	高	幅広い	はばひろい	habahiroi	广泛	はばひろい
118	二类形容词	高	痒い	かゆい	kayui	痒痒、发痒	かゆい
119	二类形容词	高	惜しい	おしい	oshii	遗憾、可惜	おしい
120	二类形容词	高	細かい	こまかい	komakai	细小；细微、细致	こまかい
121	二类形容词	高	情けない	なさけない	nasakenai	无情、可耻	なさけない
122	二类形容词	高	硬い	かたい	katai	硬、坚硬、僵硬	かたい
123	二类形容词	高	しょっぱい	しょっぱい	shoppai	咸的	しょっぱい
124	二类形容词	高	幼い	おさない	osanai	幼小；幼稚	おさない
125	二类形容词	高	恐ろしい	おそろしい	osoroshii	吓人、可怕	おそろしい
126	二类形容词	高	輝かしい	かがやかしい	kagayakashii	辉煌、光辉	かがやかしい
127	二类形容词	高	有難い	ありがたい	arigatai	值得庆幸的	ありがたい
128	二类形容词	高	限らない	かぎらない	kagiranai	无限、无止境	かぎらない
129	二类形容词	高	蒸し暑い	むしあつい	mushiatsui	闷热	むしあつい
130	二类形容词	高	騒がしい	さわがしい	sawagashii	嘈杂、喧闹	さわがしい
131	二类形容词	高	温い	ぬるい	nurui	微温、温和	ぬるい
132	二类形容词	高	ものすごい	ものすごい	monosugoi	惊人、可怕	
133	二类形容词	高	适当	てきとう	tekitou	适度；敷衍	てきとう
134	二类形容词	高	必要	ひつよう	hitsuyou	必要、必需	ひつよう
135	二类形容词	高	好き	すき	suki	喜欢、喜爱	すき
136	二类形容词	高	大好き	だいすき	daisuki	非常喜欢、最喜欢	だいすき
137	二类形容词	高	上手	じょうず	jouzu	高明、拿手、擅长	じょうず
138	二类形容词	高	下手	へた	heta	笨拙、不擅长	へた
139	二类形容词	高	苦手	にがて	nigate	不擅长、棘手的	にがて
140	二类形容词	高	得意	とくい	tokui	擅长、得意	とくい
141	二类形容词	高	同じ	おなじ	onaji	相同、同样	おなじ
142	二类形容词	高	本当	ほんとう	hontou	真实、真的、真正	ほんとう
143	二类形容词	高	大変	たいへん	taihen	严重、糟糕	たいへん
144	二类形容词	高	色々	いろいろ	iroiro	各种各样	いろいろ
145	二类形容词	高	元気	げんき	genki	精神、朝气、健康	げんき
146	二类形容词	高	大切	たいせつ	taisetsu	重要；珍惜	たいせつ
147	二类形容词	高	十分・充分	じゅうぶん	juubun	足够	じゅうぶん
148	二类形容词	高	綺麗	きれい	kirei	漂亮；干净	きれい
149	二类形容词	高	静か	しずか	shizuka	安静、平静、平稳	しずか
150	二类形容词	高	不安	ふあん	fuan	不安、不放心	ふあん
151	二类形容词	高	無理	むり	muri	不合理、勉强	むり
152	二类形容词	高	自由	じゆう	jiyuu	自由、随意	じゆう
153	二类形容词	高	大事	だいじ	daiji	重要、保重	だいじ
154	二类形容词	高	便利	べんり	benri	方便、便利	べんり
155	二类形容词	高	丈夫	じょうぶ	joubu	健康、健壮、结实	じょうぶ
156	二类形容词	高	無駄	むだ	muda	徒劳、白费、无益	むだ
157	二类形容词	高	可能	かのう	kanou	可能	かのう
158	二类形容词	高	急	きゅう	kyuu	紧急、突然；陡、急	きゅう
159	二类形容词	高	簡単	かんたん	kantan	简单、轻而易举、容易	かんたん
160	二类形容词	高	残念	ざんねん	zannen	遗憾、可惜、抱歉	ぞんねん
161	二类形容词	高	大丈夫	だいじょうぶ	daijoubu	不要紧、可以	だいじょうぶ
162	二类形容词	高	非常	ひじょう	hijou	非常；紧急	ひじょう
163	二类形容词	高	明らか	あきらか	akiraka	明显、显然	あきらか
164	二类形容词	高	危険	きけん	kiken	危险	きけん
165	二类形容词	高	逆	ぎゃく	gyaku	逆、倒、反过来	ぎゃく
166	二类形容词	高	重要	じゅうよう	juuyou	重要、要紧	じゅうよう
167	二类形容词	高	有害	ゆうがい	yuugai	有害	ゆうがい
168	二类形容词	高	有効	ゆうこう	yuukou	有效的	ゆうこう
169	二类形容词	高	楽	らく	raku	轻松、容易、宽裕、舒适	らく
170	二类形容词		かわいい	かわいい	kawaii	可爱、讨人喜欢	
171	二类形容词	高	健康	けんこう	kenkou	健康、健全	けんこう
172	二类形容词	高	盛ん	さかん	sakan	繁盛、繁荣、兴盛	さかん
173	二类形容词	高	素敵	すてき	suteki	帅、漂亮、极好	すてき
174	二类形容词	高	単純	たんじゅん	tanjun	单纯、简单	たんじゅん
175	二类形容词	高	熱心	ねっしん	nesshin	热心、热情、热衷	ねっしん
176	二类形容词	高	無事	ぶじ	buji	健康、平安、安全	ぶじ
177	二类形容词	高	不便	ふべん	fuben	不方便、不便利	ふべん
178	二类形容词	高	真面目	まじめ	majime	认真、严肃	まじめ
179	二类形容词	高	見事	みごと	migoto	出色、精彩、漂亮	みごと
180	二类形容词	高	明確	めいかく	meikaku	明确的	めいかく
181	二类形容词	高	具体的	ぐたいてき	gutaiteki	具体的、实际的	ぐたいてき
182	二类形容词	高	当たり前	あたりまえ	atarimae	当然、自然	あたりまえ
183	二类形容词	高	新た	あらた	arata	新的、重新	あらた
184	二类形容词	高	悪戯	いたずら	itazura	淘气、恶作剧	いたずら
185	二类形容词	高	一生懸命	いっしょうけんめい	isshoukenmei	尽力、拼命	いっしょうけんめい
186	二类形容词	高	貴重	きちょう	kichou	贵重、宝贵、珍贵	きちょう
187	二类形容词	高	急激	きゅうげき	kyuugeki	急剧、骤然	きゅうげき
188	二类形容词	高	困難	こんなん	konnan	困难、艰难	こんなん
189	二类形容词	高	爽やか	さわやか	sawayaka	清爽、明朗	さわやか
190	二类形容词	高	心配	しんぱい	shinpai	担心、担忧、挂念	しんぱい
191	二类形容词	高	正確	せいかく	seikaku	正确、准确	せいかく
192	二类形容词	高	贅沢	ぜいたく	zeitaku	奢侈、铺张浪费、过分	ぜいたく
193	二类形容词	高	独特	どくとく	dokutoku	独特的	どくとう
194	二类形容词	高	生意気	なまいき	namaiki	自大、狂妄、装逼	なまいき
195	二类形容词	低	失礼	しつれい	shitsurei	失敬、不礼貌	しつれい
196	二类形容词	低	地味	じみ	jimi	朴素、素净；朴实无华	じみ
197	二类形容词	低	柔軟	じゅうなん	juunan	柔软、灵活、不死板	じゅうなん
198	二类形容词	低	順調	じゅんちょう	junchou	顺利、顺当、良好	じゅんちょう
199	二类形容词	低	深刻	しんこく	shinkoku	严重、严肃	しんこく
200	二类形容词	低	シンプル	しんぷる	shinpuru	单纯、质朴、简单	
201	二类形容词	低	盛大	せいだい	seidai	盛大、隆重	せいだい
202	二类形容词	低	相当	そうとう	soutou	相当、很	そうとう
203	二类形容词	低	粗末	そまつ	somatsu	粗糙；浪费	そまつ
204	二类形容词	低	損	そん	son	吃亏的、不利的	そん
205	二类形容词	低	退屈	たいくつ	taikutsu	无聊、厌倦	たいくつ
206	二类形容词	低	平ら	たいら	taira	平坦、坦然、平静	たいら
207	二类形容词	低	大量	たいりょう	tairyou	大量	たいりょう
208	二类形容词	低	確かに	たしかに	tashikani	确实、确凿、准确	たしか
209	二类形容词	低	多様	たよう	tayou	多样、多种多样	たよう
210	二类形容词	低	当然	とうぜん	touzen	理所当然、应当	どうぜん
211	二类形容词	低	得	とく	toku	利益、有利	とく
212	二类形容词	低	斜め	ななめ	naname	歪斜、倾斜	ななめ
213	二类形容词	低	滑らか	なめらか	nameraka	光滑；流畅、通畅	なめらか
214	二类形容词	低	派手	はで	hade	花哨、艳丽	はで
215	二类形容词	低	華やか	はなやか	hanayaka	华丽、辉煌、欢快	はなやか
216	二类形容词	低	ハンサム	はんさむ	hansamu	帅、有风度	
217	二类形容词	低	控えめ	ひかえめ	hikaeme	客气、谨慎；节制	ひかえめ
218	二类形容词	低	貧乏	びんぼう	binbou	贫穷、贫困	びんぼう
219	二类形容词	低	ぺこぺこ	ぺこぺこ	pekopeko	饿、空	
220	二类形容词	低	朗らか	ほがらか	hogaraka	开朗、爽快、明朗	ほがらか
221	二类形容词	低	真っ白	まっしろ	masshiro	雪白、纯白	まっしろ
222	二类形容词	低	身近	みぢか	mijika	切身、近旁	みちか
224	动词必考	低	密接	みっせつ	missetsu	密切	みっせつ
225	动词必考	低	有意义	ゆういぎ	yuuigi	有意义、有价值	ゆういぎ
226	动词必考	低	ユニーク	ゆにーく	yuniiku	独一无二、独特	
227	动词必考	低	利口	りこう	rikou	聪明、机灵、伶俐	りこう
228	动词必考	低	良好	りょうこう	ryoukou	良好、优秀	りょうこう
229	动词必考	低	わがまま	わがまま	wagamama	任性、放肆	
230	动词必考		僅か	わずか	wazuka	仅仅、稍微、一点点	
231	动词必考	必	分かる	わかる	wakaru	懂得、明白、理解	わかる
232	动词必考	必	自一	じいち	jiichi	有～、在～	ある①
233	动词必考	必	いる	いる	iru	在、有	
234	动词必考	必	休む	やすむ	yasumu	（自他一）休息、休假	やすむ
235	动词必考	必	終わる	おわる	owaru	（自他一）结束、完毕	おわる
236	动词必考	必	起きる	おきる	okiru	起来、起床	おきる
237	动词必考	必	行く	いく	iku	前往、到～去	いく
238	动词必考	必	帰る	かえる	kaeru	回来、回归、回去	かえる
239	动词必考	必	戻す	もどす	modosu	返还、退还	もどす
240	动词必考	必	戻る	もどる	modoru	返回、恢复	もどる
241	动词必考	必	来る	くる	kuru	来、到来	くる
242	动词必考	必	飲む	のむ	nomu	喝、饮；吃（药）	のむ
243	动词必考	必	買う	かう	kau	买	かう
244	动词必考	必	書く	かく	kaku	写（文字）	かく
245	动词必考	必	読む	よむ	yomu	念、读、理解	よむ
246	动词必考	必	聞く	きく	kiku	问、询问；听、听说	きく
247	动词必考	必	食べる	たべる	taberu	吃	たべる
248	动词必考	必	見る	みる	miru	看、观察	みる
249	动词必考	必	自他三	じたさん	jitasan	做、干、进行	する①
250	动词必考	必	他二	たに	tani	送、给	あげる①
251	动词必考	必	他一	たいち	taichi	获得、得到、领	もらう①
252	动词必考	必	他二	たに	tani	给（我）	くれる①
253	动词必考	必	送る	おくる	okuru	寄走；发送；送（人）	おくる
254	动词必考	必	出す	だす	dasu	拿出、寄出、提出	だす
255	动词必考	必	会う	あう	au	遇见、碰见、见面	あう
256	动词必考	必	貸す	かす	kasu	借出、借给	かす
257	动词必考	必	借りる	かりる	kariru	借、租（借）、借助	かりる
258	动词必考	必	勉強する	べんきょうする	benkyousuru	（自他三）学习、用功读书	べんきょう
259	动词必考	必	学ぶ	まなぶ	manabu	学习	まなぶ
260	动词必考	必	習う	ならう	narau	学习	ならう
261	动词必考	必	掛かる	かかる	kakaru	挂上、花费	かかる
262	动词必考	必	掛ける	かける	kakeru	挂到、装到、花费	かける
263	动词必考		変える	かえる	kaeru	改变、更改	
264	动词必考	必	変わる	かわる	kawaru	改变、变化	かわる
265	动词必考	必	合う	あう	au	符合、一致、合适	あう
266	动词必考	必	教える	おしえる	oshieru	教、告诉	おしえる
267	动词必考	必	迷う	まよう	mayou	迷失、迷茫	まよう
268	动词必考	必	出来る	できる	dekiru	能够	できる
269	动词必考	必	降る	ふる	furu	下、降（雨雪）	ふる
270	动词必考	必	遊ぶ	あそぶ	asobu	玩耍、玩儿	あそぶ
271	动词必考	必	待つ	まつ	matsu	等、等待	まつ
272	动词必考	必	売る	うる	uru	售、卖；出卖	うる
273	动词必考	必	言う	いう	iu	（自他一）说、讲、告诉	いう
274	动词必考	必	話す	はなす	hanasu	说、讲	はなす
275	动词必考	必	渡る	わたる	wataru	渡、过、经过	わたる
276	动词必考	必	選ぶ	えらぶ	erabu	选择、挑选、选举	えらぶ
277	动词必考	必	歩く	あるく	aruku	走路、步行	あるく
278	动词必考	必	出る	でる	deru	出来、出现、离开	でる
279	动词必考	必	出かける	でかける	dekakeru	出门、出去	でかける
280	动词必考	必	使う	つかう	tsukau	用、使用	つかう
281	动词必考	必	しまう	しまう	shimau	做完、解决	
282	动词必考	必	持つ	もつ	motsu	拿、带	もつ
283	动词必考	必	入る	はいる	hairu	进入、装有	はいる
284	动词必考	必	入れる	いれる	ireru	把～放进、插入	いれる
285	动词必考	必	思う	おもう	omou	想、思考、认为	おもう
286	动词必考	必	自一	じいち	jiichi	变成、成为	なる①
287	动词必考	必	付ける	つける	tsukeru	附上、写上、注上	つける
288	动词必考	必	付く	つく	tsuku	附着、贴着	つく
289	动词必考	必	他一	たいち	taichi	做；给	やる①
290	动词必考	必	考える	かんがえる	kangaeru	思考、研究、想	かんがえる
291	动词必考	必	立つ	たつ	tatsu	站、立、起身	たつ
292	动词必考	必	指す	さす	sasu	指向、指示、指出	さす
293	动词必考	必	開ける	あける	akeru	打开	あける
294	动词必考	必	開く	ひらく	hiraku	开、开门、开张	あく
295	动词必考	必	開く	ひらく	hiraku	（自他一）开门、窗、店、会议	ひらく
296	动词必考	必	作る	つくる	tsukuru	做、造、创作	つくる
297	动词必考	必	覚える	おぼえる	oboeru	记住	おぼえる
298	动词必考	必	知る	しる	shiru	知道、了解、发觉	しる
299	动词必考	必	限る	かぎる	kagiru	（自他一）限定	かぎる
300	动词必考	必	答える	こたえる	kotaeru	回答	こたえる
301	动词必考	必	褒める	ほめる	homeru	表扬、赞扬	ほめる
302	动词必考	必	乗る	のる	noru	乘坐、开（车）	のる
303	动词必考	必	寝る	ねる	neru	睡觉、就寝	ねる
305	动词高频	高	動く	うごく	ugoku	移动、动弹	うごく
306	动词高频	高	動かす	うごかす	ugokasu	让～动	うごく
307	动词高频	高	生まれる	うまれる	umareru	出生、诞生	うまれる
308	动词高频	高	得る	える	eru	取得、获得	える
309	动词高频	高	起こす	おこす	okosu	叫醒、弄起、扶起	おこす
310	动词高频	高	起こる	おこる	okoru	发生、发起	おこる
311	动词高频	高	落とす	おとす	otosu	弄丢、使落下	おとす
312	动词高频	高	着る	きる	kiru	穿	きる
313	动词高频	高	助ける	たすける	tasukeru	帮助、救助、救命	たすける
314	动词高频	高	作り出す	つくりだす	tsukuridasu	创造；开始做	つくる
315	动词高频	高	飛ぶ	とぶ	tobu	飞行、飞跑	とぶ
316	动词高频	高	流れる	ながれる	nagareru	流淌、流动、流逝	ながれる
317	动词高频	高	流す	ながす	nagasu	让～流走、冲～	ながす
318	动词高频	高	見せる	みせる	miseru	把～拿给别人看	みせる
319	动词高频	高	乗せる	のせる	noseru	把～载上	のせる
320	动词高频	高	失う	うしなう	ushinau	丢失、丧失、失去	うしなう
321	动词高频	高	描く	えがく	egaku	描绘、绘、画	かく・えぐ
322	动词高频	高	行う	おこなう	okonau	举行、执行、开展	おこなう
323	动词高频	高	落ち着く	おちつく	ochitsuku	沉着、内心平静	おちつく
324	动词高频	高	数える	かぞえる	kazoeru	计算、数、列举	かぞえる
325	动词高频	高	通う	かよう	kayou	往返、来往	かよう
326	动词高频	高	比べる	くらべる	kuraberu	比较	くらべる
327	动词高频	高	探す	さがす	sagasu	寻找、搜寻、寻求	さがす
328	动词高频	高	下がる	さがる	sagaru	下降、降低	さがる
329	动词高频	高	向ける	むける	mukeru	把～转向	むける
330	动词高频	高	向かう	むかう	mukau	朝向、朝着	むかう
331	动词高频	高	諦める	あきらめる	akirameru	放弃、断念、死心	あきらめる
332	动词高频	高	洗う	あらう	arau	洗、清洗	あろう
333	动词高频	高	祝う	いわう	iwau	庆祝、祝贺	いわう
334	动词高频	高	返す	かえす	kaesu	归还、还给	かえす
335	动词高频	高	経つ	たつ	tatsu	过、流逝、消滅	たつ
336	动词高频	高	楽しむ	たのしむ	tanoshimu	享受乐趣、欣赏	たのしむ
337	动词高频	高	足りる	たりる	tariru	够、足够；值得	たりる
338	动词高频	高	手伝う	てつだう	tetsudau	帮忙、帮助	てつだう
339	动词高频	高	治す	なおす	naosu	治疗、医治	なおす
340	动词高频	高	直す	なおす	naosu	改正、修改、订正	なおす
341	动词高频	高	治る	なおる	naoru	治好、痊愈	なおる
342	动词高频	高	直る	なおる	naoru	恢复、改正、修理	なおる
343	动词高频	高	残す	のこす	nokosu	把～留下	のこす
344	动词高频	高	離れる	はなれる	hanareru	离开	はなれる
345	动词高频	高	曲がる	まがる	magaru	弯曲、拐弯	まがる
346	动词高频	高	守る	まもる	mamoru	保护、守护	まもる
347	动词高频	高	役立つ	やくだつ	yakudatsu	有用、有效	やくだつ
348	动词高频	高	渡す	わたす	watasu	交给、递给	わたす
349	动词高频	高	受け入れる	うけいれる	ukeireru	采纳；收下	うけいれる
350	动词高频	高	消える	きえる	kieru	消失	きえる
351	动词高频	高	消す	けす	kesu	擦除、消除	けす
352	动词高频	高	切る	きる	kiru	（自他一）切、割、剪、砍	きる
353	动词高频	高	切れる	きれる	kireru	切断；用光；到期	きれる
354	动词高频	高	吸う	すう	suu	吸、吸入（气体）	すう
355	动词高频	高	住む	すむ	sumu	居住、住	すむ
356	动词高频	高	通る	とおる	tooru	通过、走过	とおる
357	动词高频	高	引越す	ひっこす	hikkosu	搬家	ひっこす
358	动词高频	高	防ぐ	ふせぐ	fusegu	预防、防止	ふせぐ
359	动词高频	高	干す	ほす	hosu	晒干、烘干、弄干	ほす
360	动词高频	高	負ける	まける	makeru	（自他二）输	まける
361	动词高频	高	招く	まねく	maneku	招待、邀请、招致	まねく
362	动词高频	高	磨く	みがく	migaku	刷、磨	みがく
363	动词高频	高	結ぶ	むすぶ	musubu	连结、打结	むすぶ
364	动词高频	高	止む	やむ	yamu	停止、中止	やむ
365	动词高频	高	煮る	にる	niru	煮	にる
366	动词高频	高	茹ける	ゆでる	yuderu	煮、烫、焯	ゆでる
367	动词高频	高	忘れる	わすれる	wasureru	忘记、落下	わすれる
368	动词高频	高	笑う	わらう	warau	（自他一）笑；嘲笑	わらう
369	动词高频	高	扱う	あつかう	atsukau	对待、使用、处理	あつかう
370	动词高频	高	生かす	いかす	ikasu	活用、发挥	いかす
371	动词高频	高	疑う	うたがう	utagau	怀疑、疑惑、猜疑	うたがう
372	动词高频	高	追う	おう	ou	追赶、追逐、追求	おう
373	动词高频	高	下ろす	おろす	orosu	取下、拿下、卸下	おろす
374	动词高频	高	飾る	かざる	kazaru	修饰、装饰、粉饰	かざる
375	动词高频	高	片付ける	かたづける	katazukeru	收拾、整理	かたづける
376	动词高频	高	勝つ	かつ	katsu	赢、获胜、强过	かつ
377	动词高频	高	聞こえる	きこえる	kikoeru	听得到、听清	きこえる
378	动词高频	高	加える	くわえる	kuwaeru	把～加上、给～施加	くわえる
379	动词高频	高	殺す	ころす	korosu	杀死；埋没	ころす
380	动词高频	高	転ぶ	ころぶ	korobu	摔倒、摔跟头、跌倒	ころぶ
381	动词高频	高	咲く	さく	saku	（花）开	さく
382	动词高频	高	叫ぶ	さけぶ	sakebu	大声喊、喊叫	さけぶ
383	动词高频	高	避ける	さける	sakeru	躲避	さける
384	动词高频	高	茂る	しげる	shigeru	茂盛	しげる
386	动词低频	高	寄る	よる	yoru	靠近、凑近；顺路去	よる
387	动词低频	高	辞める	やめる	yameru	辞职	やめる
388	动词低频	高	果たす	はたす	hatasu	完成、实现	はたす
389	动词低频	高	離す	はなす	hanasu	把～放开	はなす
390	动词低频	高	持てる	もてる	moteru	受到～的追捧	もてる
391	动词低频	高	散る	ちる	chiru	散落、凋谢	ちる
392	动词低频	高	黙る	だまる	damaru	沉默、默默地	だまる
393	动词低频	高	思い切る	おもいきる	omoikiru	断念、死心	おもいきる
394	动词低频	高	思いやる	おもいやる	omoiyaru	体谅、理解	おもいやる
395	动词低频	高	恐れる	おそれる	osoreru	(自他二) 恐惧；担心	おそれる
396	动词低频	高	延ばす	のばす	nobasu	延长、推迟	のばす
397	动词低频	高	済ませる	すませる	sumaseru	把～弄完	すませる
398	动词低频	高	受ける	うける	ukeru	(自他二) 接受	うける
399	动词低频	高	求める	もとめる	motomeru	要求、追求、渴望	もとめる
400	动词低频	高	売れる	うれる	ureru	畅销、走红	うれる
401	动词低频	低	つける	つける	tsukeru	打开；点火	
402	动词低频	低	合う	あう	au	相称、相配、合适	
403	动词低频	低	触る	さわる	sawaru	触碰、接触、触摸	さわる
404	动词低频	低	渴く	かわく	kawaku	渴、干渴	かわく
405	动词低频	低	ご馳走する	ごちそうする	gochisousuru	(一) 款待、宴请	ごちそうする
406	动词低频	低	研究する	けんきゅうする	kenkyuusuru	研究、钻研	けんきゅう
407	动词低频	低	壊れる	こわれる	kowareru	损坏、毁坏	こわれる
408	动词低频	低	建てる	たてる	tateru	建造、盖	たてる
409	动词低频	低	貼る	はる	haru	贴、粘贴	はる
410	动词低频	低	振る	ふる	furu	摆动；拒绝、甩	ふる
411	动词低频	低	揚げる	あげる	ageru	放（风筝、烟花）；炸	あげる
412	动词低频	低	濡れる	ぬれる	nureru	淋湿、湿透	ぬれる
413	动词低频	低	下げる	さげる	sageru	降低；撤下	さげる
414	动词低频	低	噛む	かむ	kamu	咬、嚼	かむ
415	动词低频	低	踏む	ふむ	fumu	踩、踏	ふむ
416	动词低频	低	虐める・苛める	いじめる	ijimeru	欺负、糟蹋	いじめる
417	动词低频	低	他二	たに	tani	撞上、碰上	ぶつける①
418	动词低频	低	告げる	つげる	tsugeru	告知、通知、报晓	つげる
419	动词低频	低	折れる	おれる	oreru	折断、拐弯	おれる
420	动词低频	低	整う	ととのう	totonou	整齐、端正	とどなの
421	动词低频	低	温める	あたためる	atatameru	把～热一下	あたためる
422	动词低频	低	洒落る	しゃれる	shareru	漂亮、别致	しやれる
423	动词低频	低	微笑む	ほほえむ	hohoemu	微笑	ほほえむ
424	动词低频	低	訳す	やくす	yakusu	翻译	やくす
425	动词低频	低	他一	たいち	taichi	翘课、翘班	サボる②
426	动词低频	低	破る	やぶる	yaburu	弄破、损毁	やぶる
427	动词低频	低	下りる	おりる	oriru	下来、退位	おりる
428	动词低频	低	纏める	まとめる	matomeru	汇总、整理	まとめる
429	动词低频	低	建つ	たつ	tatsu	建、盖	たつ
430	动词低频	低	稼ぐ	かせぐ	kasegu	（自他一）挣钱、赚钱、赢得	かせぐ
431	动词低频	低	効く	きく	kiku	有效	きく
432	动词低频	低	持ち歩く	もちあるく	mochiaruku	拿着～走、随身携带	もちあるく
433	动词低频	低	雇う	やとう	yatou	租用	やどう
434	动词低频	低	焼ける	やける	yakeru	烧、烤、晒、嫉妒	やける
435	动词低频	低	通り抜ける	とおりぬける	toorinukeru	穿过	とおりぬける
436	动词低频	低	取り替える	とりかえる	torikaeru	替换	とりかえる
437	动词低频	低	入り組む	いりくむ	irikumu	错综复杂	いりくむ
438	动词低频	低	異なる	ことなる	kotonaru	不同	ことなる
439	动词低频	低	断る	ことわる	kotowaru	拒绝	ことわる
440	动词低频	低	好む	このむ	konomu	喜欢、偏好	このむ
441	动词低频	低	転げる	ころげる	korogeru	滚、滚动	ころげる
442	动词低频	低	怖がる	こわがる	kowagaru	（自他一）害怕	こわがる
443	动词低频	低	探る	さぐる	saguru	打探、触摸	さぐる
444	动词低频	低	差す	さす	sasu	（自他一）撑伞	さす
445	动词低频	低	見かける	みかける	mikakeru	看见、看到	みかける
446	动词低频	低	見直す	みなおす	minaosu	重新考虑、重新看、检查	みなおす
447	动词低频	低	見守る	みまもる	mimamoru	守护、看护	みまもる
448	动词低频	低	沈む	しずむ	shizumu	下沉	しずむ
449	动词低频	低	喋る	しゃべる	shaberu	（自他一）说话、闲谈	しゃべる
450	动词低频	低	救う	すくう	sukuu	拯救	すぐう
451	动词低频	低	占める	しめる	shimeru	占	しめる
452	动词低频	低	親しむ	したしむ	shitashimu	亲近	したしむ
453	动词低频	低	纏まる	まとまる	matomaru	集中、概括	まとまる
454	动词低频	低	投げる	なげる	nageru	扔、投、掷	なげる
455	动词低频	低	言い表す	いいあらわす	iiarawasu	表示、表达	いいあらわす
456	动词低频	低	言い終わる	いいおわる	iiowaru	说完	いいおわる
457	动词低频	低	炒める	いためる	itameru	炒	いためる
458	动词低频	低	浮かべる	うかべる	ukaberu	浮现、让~浮起来	うかべる
459	动词低频	低	受け継ぐ	うけつぐ	uketsugu	继承	うけつぐ
460	动词低频	低	打ち上げる	うちあげる	uchiageru	发射	うちあげる
461	动词低频	低	打ち勝つ	うちかつ	uchikatsu	战胜	うちかつ
462	动词低频	低	移り変わる	うつりかわる	utsurikawaru	变迁	うつりかわる
463	动词低频	低	頷く	うなずく	unazuku	点头	うなずく
464	动词低频	低	潰れる	つぶれる	tsubureru	毁坏、破产、崩溃	つぶれる
465	动词低频	低	無くなる	なくなる	nakunaru	丢失、消失、不见	なくなる
466	动词低频	低	尽くす	つくす	tsukusu	竭尽全力	つくす
467	动词低频	低	望む	のぞむ	nozomu	希望	のぞむ
468	动词低频	低	演じる	えんじる	enjiru	演出	えんじる
469	动词低频	低	追い出す	おいだす	oidasu	赶出、轰出	おいだす
470	动词低频	低	追いつく	おいつく	oitsuku	赶上	おいつく
471	动词低频	低	負う	おう	ou	承担	おう
472	动词低频	低	飛び出す	とびだす	tobidasu	跳出来、突然出现	とびだす
473	动词低频	低	飛び立つ	とびたつ	tobitatsu	飞起来	とびたつ
474	动词低频	低	泊まる	とまる	tomaru	让～住宿	とまる
475	动词低频	低	捉える	とらえる	toraeru	捕捉；领会、理解	とらえる
476	动词低频	低	取り入れる	とりいれる	toriireru	引进	
477	动词低频	低	取り組む	とりくむ	torikumu	努力、致力	とりくむ
478	动词低频	低	慰める	なぐさめる	nagusameru	为了	なぐさめる
479	动词低频	低	名付ける	なづける	nazukeru	起名、取名	なづける
480	动词低频	低	覆う	おおう	oou	覆盖	おおう
481	动词低频	低	置き忘れる	おきわすれる	okiwasureru	忘带、遗失	おきわされる
482	动词低频	低	押さえる	おさえる	osaeru	摁、压、捂	おさえる
483	动词低频	低	収める	おさめる	osameru	收	おさめる
484	动词低频	低	治める	おさめる	osameru	治理、平定	おさめる
485	动词低频	低	押し合う	おしあう	oshiau	互相推搡	おしあう
486	动词低频	低	襲う	おそう	osou	袭击	おそう
487	动词低频	低	教わる	おそわる	osowaru	受教、跟～学	おそわる
488	动词低频	低	落ち込む	おちこむ	ochikomu	消沉	おちこむ
489	动词低频	低	編る	へんる	henru	织、编织	おる
490	动词低频	低	替える	かえる	kaeru	更换	かえる
491	动词低频	低	立ち入る	たちいる	tachiiru	进入	たちいる
492	动词低频	低	誓う	ちかう	chikau	发誓	ちかう
493	动词低频	低	近づける	ちかづける	chikazukeru	靠近	ちかづける
494	动词低频	低	組み合わせる	くみあわせる	kumiawaseru	组合	くみあわせる
495	动词低频	低	組む	くむ	kumu	(自他一) 组织；合伙	くむ
496	动词低频	低	削る	けずる	kezuru	削	けずる
497	动词低频	低	蹴る	ける	keru	踢	ける
498	动词低频	低	凍る	こおる	kooru	结冰	こおる
499	动词低频	低	漕ぐ	こぐ	kogu	划 (船)、蹬	こぐ
500	动词低频	低	凍える	こごえる	kogoeru	冻僵	こごえる
501	动词低频	低	心がける	こころがける	kokorogakeru	用心、注意	こころがける
502	动词低频	低	腰掛ける	こしかける	koshikakeru	坐下	こしかける
503	动词低频	低	仕上げる	しあげる	shiageru	完成	しあげる
504	动词低频	低	痺れる	しびれる	shibireru	麻痹	しびれる
505	动词低频	低	絞る	しぼる	shiboru	挤出、拧	しぼる
506	动词低频	低	すずぐ	すずぐ	suzugu	漱口	
507	动词低频	低	攻める	せめる	semeru	进攻	せめる
508	动词低频	低	注ぐ	そそぐ	sosogu	注入	そそぐ
509	动词低频	低	倒す	たおす	taosu	弄倒、推倒、打倒	たおす
510	动词低频	低	足す	たす	tasu	加、添加	たす
511	动词低频	低	鳴らす	ならす	narasu	把～弄响	ならす
512	动词低频	低	煮える	にえる	nieru	煮熟、煮烂	にえる
513	动词低频	低	載せる	のせる	noseru	装载；刊登、登载	のせる
514	动词低频	低	生える	はえる	haeru	生长	はえる
515	动词低频	低	計る	はかる	hakaru	测量	はかる
516	动词低频	低	量る	はかる	hakaru	称量、丈量	はかる
517	动词低频	低	掃く	はく	haku	扫、打扫	はく
518	动词低频	低	話しかける	はなしかける	hanashikakeru	搭话	はなしかける
519	动词低频	低	争う	あらそう	arasou	争夺、竞争	あらそう
520	动词低频	低	譲る	ゆずる	yuzuru	让步、转让、让给	ゆずる
521	动词低频	低	思い浮かべる	おもいうかべる	omoiukaberu	想起	
523	动词低频	低	丸める	まるめる	marumeru	揉成一团	まるめる
524	动词低频	低	見下ろす	みおろす	miorosu	俯视、小瞧	みおろす
525	动词低频	低	結びつける	むすびつける	musubitsukeru	联结	むすびつける
526	动词低频	低	申し出る	もうしでる	moushideru	提出	もしでる
527	动词低频	低	潜る	もぐる	moguru	下潜	もぐる
528	动词低频	低	休める	やすめる	yasumeru	让～休息、让～停下	やすめる
529	动词低频	低	寄せる	よせる	yoseru	使～靠近	よせる
530	动词低频	低	抱く	いだく	idaku	抱、怀有、怀抱	いだく
531	动词低频	低	与え続ける	あたえつづける	ataetsuzukeru	持续给	
532	动词低频	低	余る	あまる	amaru	过剩、残留	あまる
533	动词低频	低	区切る	くぎる	kugiru	划分	くぎる
534	动词低频	低	哀れむ	あわれむ	awaremu	怜悯	あわれむ
535	动词低频	低	刺す	さす	sasu	刺	さす
536	动词低频	低	擦る	こする	kosuru	搓	こする
537	动词低频	低	捏ねる	こねる	koneru	捏、揉	こねる
538	动词低频	低	噛み付く	かみつく	kamitsuku	咬住	かみつく
539	动词低频	低	味わう	あじわう	ajiwau	品味、尝	あじわる
540	动词低频	低	除く	のぞく	nozoku	去除；铲除、删除	のぞく
541	动词低频	低	歩む	あゆむ	ayumu	走、行走	あゆむ
542	动词低频	低	混じる	まじる	majiru	混杂	まじる
543	副词高频	高	よく	よく	yoku	经常；好好地	
544	副词高频	高	どう	どう	dou	怎样、如何	
545	副词高频	高	こう	こう	kou	这样、如此	
546	副词高频	高	そう	そう	sou	那样的、那么	
547	副词高频	高	ああ	ああ	aa	那样、那么	
548	副词高频	高	いつも	いつも	itsumo	经常、总是	
549	副词高频	高	また	また	mata	再、还、又	
550	副词高频	高	まだ	まだ	mada	还、还在、还未	
551	副词高频	高	どうして	どうして	doushite	为何、为什么	
552	副词高频	高	とても	とても	totemo	非常、很	
553	副词高频	高	もう	もう	mou	已经；还要	
554	副词高频	高	沢山	たくさん	takusan	许多	たくさん
555	副词高频	高	一番	いちばん	ichiban	第一、最	いちばん
556	副词高频	高	すぐ	すぐ	sugu	立刻、马上；很快、附近	
557	副词高频	高	すぐに	すぐに	suguni	立刻、马上	
558	副词高频	高	今	いま	ima	现在、目前；刚刚	いま
559	副词高频	高	ちょっと	ちょっと	chotto	一点、稍微、有点	
560	副词高频	高	なぜ	なぜ	naze	为什么、为何	
561	副词高频	高	一緒に	いっしょに	isshoni	一同、一起	いっしょに
562	副词高频	高	少し	すこし	sukoshi	稍微、有点儿	すこし
563	副词高频	高	まず	まず	mazu	首先；不管怎样、总之	
564	副词高频	高	全く	まったく	mattaku	完全（不）	まったく
565	副词高频	高	あまり	あまり	amari	不怎么；太过于	
566	副词高频	高	これから	これから	korekara	从现在起、今后、将来	
567	副词高频	高	必ず	かならず	kanarazu	必然、必须、肯定	かならず
568	副词高频	高	最近	さいきん	saikin	最近、近来	さいきん
569	副词高频	高	色々	いろいろ	iroiro	各种各样	いろいろ
570	副词高频	高	なかなか	なかなか	nakanaka	相当；难以	
571	副词高频	高	本当に	ほんとうに	hontouni	真、真的、实在	
572	副词高频	高	今度	こんど	kondo	下次、此次	こんど
573	副词高频	高	ゆっくり	ゆっくり	yukkuri	慢慢、安稳、舒适	
574	副词高频	高	段々	だんだん	dandan	逐渐、渐渐	だんだん
575	副词高频	高	ちょうど	ちょうど	choudo	正好、恰好	
576	副词高频	高	さらに	さらに	sarani	更加、越发、进一步	さらに
577	副词高频	高	もし	もし	moshi	要是、如果、假如	
578	副词高频	高	きっと	きっと	kitto	应该、一定	
579	副词高频	高	全て	すべて	subete	全、所有、全都	すべて
580	副词高频	高	ぜひ	ぜひ	zehi	务必、一定	
581	副词高频	高	初めて	はじめて	hajimete	第一次、头一次	はじめて
582	副词高频	高	やはり	やはり	yahari	果然、仍然	
583	副词高频	高	かなり	かなり	kanari	相当、颇为、很	
584	副词高频	高	どのくらい	どのくらい	donokurai	多少	
585	副词高频	高	びっくり	びっくり	bikkuri	吃惊、吓了一跳	
586	副词高频	高	もちろん	もちろん	mochiron	当然、不言而喻	
587	副词高频	高	早く・速く	はやく	hayaku	快；早	はやく
588	副词高频	高	いっぱい	いっぱい	ippai	很多、满是、充满	
589	副词高频	高	しっかり	しっかり	shikkari	牢固、可靠、坚强等	
590	副词高频	高	ずっと	ずっと	zutto	一直；~得多	
591	副词高频	高	全然	ぜんぜん	zenzen	完全不~	ぜんぜん
592	副词高频	高	そろそろ	そろそろ	sorosoro	该、马上、就	
593	副词高频	高	どうぞ	どうぞ	douzo	请、请用	
594	副词高频	高	共に	ともに	tomoni	一同、共同	ともに
595	副词高频	高	もっと	もっと	motto	更加、再~点儿	
596	副词高频	高	きちんと	きちんと	kichinto	好好、恰当、规矩地	
597	副词高频	高	うまく	うまく	umaku	熟练地、顺利地	
598	副词高频	高	先に	さきに	sakini	先、首先	さきに
599	副词高频	高	それぞれ	それぞれ	sorezore	各自、分别、各个	
600	副词高频	高	ちゃんと	ちゃんと	chanto	好好地、认真地	
601	副词高频	高	なるほど	なるほど	naruhodo	果然、原来如此	
602	副词高频	高	いくら	いくら	ikura	即便再~也~	
603	副词高频	高	急に	きゅうに	kyuuni	突然、冷不防	きゅうに
604	副词高频	高	お互いに	おたがいに	otagaini	互相、彼此	おたがいに
605	副词高频	高	暫く	しばらく	shibaraku	暂时、不久；一段时间	しんらく
606	副词高频	高	ただ	ただ	tada	只不过、仅仅；免费	
607	副词高频	高	どうしても	どうしても	doushitemo	无论如何も～、一定～	
608	副词高频	高	どんどん	どんどん	dondon	连续不断、一个劲儿	
609	副词高频	高	はっきり	はっきり	hakkiri	清楚、明确	
610	副词高频	高	普通	ふつう	futsuu	普通、一般	ふつう
611	副词高频	高	ほとんど	ほとんど	hotondo	大体上、大致、大部分	
612	副词高频	高	それほど	それほど	sorehodo	那么、那样（程度）	
613	副词高频	高	主に	おもに	omoni	主要	おもに
614	副词高频	高	結局	けっきょく	kekkyoku	最后、结果	けっきょく
615	副词高频	高	随分	ずいぶん	zuibun	非常、很、相当	ずいぶん
616	副词高频	高	絶対	ぜったい	zettai	(ぜったい) 绝对	に
617	副词高频	高	大体	だいたい	daitai	大概、大致、基本上	だいたい
618	副词高频	高	大変	たいへん	taihen	非常、很	たいへん
619	副词高频	高	特に	とくに	tokuni	特别、专门	とくに
620	副词高频	高	非常に	ひじょうに	hijouni	非常、十分	ひじょうに
621	副词高频	高	もう少し	もうすこし	mousukoshi	再稍微	もうすこし
622	副词高频	高	約	やく	yaku	大约、大体	やく
623	副词高频	高	やっと	やっと	yatto	好不容易、终于、才	
624	副词高频	高	或いは	あるいは	aruiha	或者、或是	あるいは
625	副词高频	高	一生懸命	いっしょうけんめい	isshoukenmei	拼命、努力	いっしょうけんめい
626	副词高频	高	大勢	おおぜい	oozei	众多的人	おおぜい
627	副词高频	高	がっかり	がっかり	gakkari	灰心、失望、丧气	
628	副词高频	高	決して	けっして	kesshite	决不～	けったして
629	副词高频	高	こんなに	こんなに	konnani	这么、如此	
630	副词高频	高	最初	さいしょ	saisho	最初、起初、一开始	さいしょ
631	副词高频	高	さっき	さっき	sakki	刚才、方才	
632	副词高频	高	すっかり	すっかり	sukkari	完全、全部、彻底	
633	副词高频	高	確かに	たしかに	tashikani	确实、的确	たしかに
634	副词高频	高	どうも	どうも	doumo	谢谢；道歉	
635	副词高频	高	時々	ときどき	tokidoki	有时候、偶尔	ときどき
636	副词高频	高	特別	とくべつ	tokubetsu	特别、格外	とくべつ
637	副词高频	高	普段	ふだん	fudan	平常、平时、平日	ふだん
638	副词高频	高	ますます	ますます	masumasu	越发、越来越、更加	
639	副词高频	高	まるで	まるで	marude	完全（像）	
640	副词高频	高	じっと	じっと	jitto	一动不动、呆着不动	
641	副词高频	高	皆	みな	mina	全部、大家	みんな・みな
642	副词高频	高	早速	さっそく	sassoku	立刻、马上、赶紧	さっそう
643	副词高频	高	一般に	いっぱんに	ippanni	一般来说、普遍地	いっぽん
644	副词高频	高	そのまま	そのまま	sonomama	就那样、就照原样	
645	副词高频	高	突然	とつぜん	totsuzen	突然、忽然	とつぜん
646	副词高频	高	なるべく	なるべく	narubeku	尽量、尽可能	
647	副词高频	高	何とか	なんとか	nantoka	设法；好歹；什么的	なんとか
648	副词高频	高	間もなく	まもなく	mamonaku	不久、马上	まもなく
649	副词高频	高	わざわざ	わざわざ	wazawaza	特地、特意	
650	副词高频	高	別に	べつに	betsuni	并不是特别地～	べつに
651	副词高频	高	一体	いったい	ittai	到底、究竟	いったい
652	副词高频	高	忽ち	たちまち	tachimachi	转瞬间、立刻、突然	たちまち
653	副词高频	高	たとえ	たとえ	tatoe	即使、纵然	
654	副词高频	高	何となく	なんとなく	nantonaku	总觉得	なんとなく
655	副词高频	高	いかが	いかが	ikaga	怎样、如何	
656	副词高频	高	あっという間に	あっというまに	attoiumani	转眼间	あっというまに
657	副词高频	高	後で	あとで	atode	稍后、之后	あとで
658	副词高频	高	さっぱり	さっぱり	sappari	完全、彻底；爽快	
660	副词低频	高	あまり	あまり	amari	太、过于、过火	
661	副词低频	高	ただいま	ただいま	tadaima	刚刚、现在、立马	
662	副词低频	高	つい	つい	tsui	无意中、一不留神	
663	副词低频	高	もしかしたら	もしかしたら	moshikashitara	也许、或许	
664	副词低频	高	いくつ	いくつ	ikutsu	多少	
665	副词低频	高	僅かに	わずかに	wazukani	稍微、一点点	わずかに
666	副词低频	高	まさか	まさか	masaka	难道、莫非是	
667	副词低频	高	なんだか	なんだか	nandaka	～什么；总觉得～	
668	副词低频	高	何だか	なんだか	nandaka	总觉得、不由得	なんだか
669	副词低频	高	そっと	そっと	sotto	悄悄地、偷偷地	
670	副词低频	高	正直に	しょうじきに	shoujikini	老实、正直	しょうじきに
671	副词低频	高	いつまで	いつまで	itsumade	到什么时候	
673	副词低频	低	相変わらず	あいかわらず	aikawarazu	照常、依旧	あいかかわらず
674	副词低频	低	あっさり	あっさり	assari	清淡、淡然、爽快	
675	副词低频	低	いかにも	いかにも	ikanimo	实在、完全是	
676	副词低频	低	生き生き	いきいき	ikiiki	栩栩如生、活泼	いきいき
677	副词低频	低	以前	いぜん	izen	以前、过去	いぜん
678	副词低频	低	いつの間にか	いつのまにか	itsunomanika	不知不觉就～	いつのまにか
679	副词低频	低	今頃	いまごろ	imagoro	现在、此时、如今	いまごろ
680	副词低频	低	いらっしゃ	いらっしゃ	irassha	焦急、急躁	
681	副词低频	低	うっかり	うっかり	ukkari	不留神、稀里糊涂、粗心	
682	副词低频	低	うろうろ	うろうろ	urouro	转来转去、彷徨、徘徊	
683	副词低频	低	思わず	おもわず	omowazu	禁不住、情不自禁	おもわず
684	副词低频	低	凡そ	およそ	oyoso	大概、大体上、大约	おようそ
686	名词必考	必	今	いま	ima	现在；立马	いま
687	名词必考	必	家	いえ	ie	家	いえ
688	名词必考	必	意味	いみ	imi	意思	いみ
689	名词必考	必	上	うえ	ue	上面、正上方	うえ
690	名词必考	必	家	うち	uchi	家、自己家	うち
691	名词必考	必	内	うち	uchi	家；内部	うち
692	名词必考	必	円	えん	en	日元；圆	えん
693	名词必考	必	男	おとこ	otoko	、女（おんな）男；女	おとこ
694	名词必考	必	学生	がくせい	gakusei	学生	がくせい
695	名词必考	必	家族	かぞく	kazoku	家人、家庭	かぞく
696	名词必考	必	方	かた	kata	方法；人	かた
697	名词必考	必	体	からだ	karada	身体	からだ
698	名词必考	必	気	き	ki	气	き
699	名词必考	必	気分	きぶん	kibun	心情；状况；氛围	きぶん
700	名词必考	必	気持ち	きもち	kimochi	感受、心情；舒适程度	きもち
701	名词必考	必	子	こ	ko	小孩子	こ
702	名词必考	必	心	こころ	kokoro	内心、心灵	こころ
703	名词必考	必	言葉	ことば	kotoba	语言、词汇、话	ことば
704	名词必考	必	頃	ころ	koro	时刻、左右	ころ
705	名词必考	必	今度	こんど	kondo	这次、下次	こんど
706	名词必考	必	時間	じかん	jikan	时间	じかん
707	名词必考	必	試験	しけん	shiken	考试	しけん
708	名词必考	必	自分	じぶん	jibun	自己、自身	じぶん
709	名词必考	必	先生	せんせい	sensei	老师；医生；律师	せんせい
710	名词必考	必	沢山	たくさん	takusan	很多	たくさん
711	名词必考	必	為	ため	tame	为了	ため
712	名词必考	必	誰	だれ	dare	谁	だれ
713	名词必考	必	父	ちち	chichi	父亲	ちち
714	名词必考	必	母	はは	haha	母亲	はは
715	名词必考	必	次	つぎ	tsugi	下一个	つぎ
716	名词必考	必	手	て	te	手	て
717	名词必考	必	電話	でんわ	denwa	电话	でんわ
718	名词必考	必	時	とき	toki	～的时候	とき
719	名词必考	必	所	ところ	tokoro	地点	ところ
720	名词必考	必	中	なか	naka	中、里面、内部	なか
721	名词必考	必	何	なに	nani	什么	なん・なに
722	名词必考	必	人間	にんげん	ningen	人类	にんげん
723	名词必考	必	場合	ばあい	baai	场景、场合、情况	ばあい
724	名词必考	必	話	はなし	hanashi	话、内容	はなし
725	名词必考	必	人	ひと	hito	人；别人	ひと
726	名词必考	必	普通	ふつう	futsuu	普通、普遍、通常	ふつう
727	名词必考	必	方	ほう	hou	方面、方向、某一方	ほう
728	名词必考	必	他	ほか	hoka	其他、别的	ほか
729	名词必考	必	本当	ほんとう	hontou	真的、真实的、本来	ほんとう
730	名词必考	必	前	まえ	mae	前面、之前	まえ
731	名词必考	必	道	みち	michi	道路	みち
732	名词必考	必	目	め	me	眼睛、目光	め
733	名词必考	必	問題	もんだい	mondai	问题	もんだい
734	名词必考	必	朝	あさ	asa	早上	あさ
735	名词必考	必	彼	かれ	kare	他	かれ
736	名词必考	必	明日	あした	ashita	明天	あした
737	名词必考	必	頭	あたま	atama	头、头脑	あたま
738	名词必考	必	木	き	ki	树、木头	き
739	名词必考	必	雨	あめ	ame	雨	あめ
740	名词必考	必	昨日	きのう	kinou	昨天	きのう
741	名词必考	必	今日	きょう	kyou	今天	きょう
742	名词必考	必	教室	きょうしつ	kyoushitsu	教室	きょうしつ
743	名词必考	必	映画	えいが	eiga	电影	えいが
744	名词必考	必	客	きゃく	kyaku	客人	きゃく
745	名词必考	必	英語	えいご	eigo	英语	えいご
746	名词必考	必	親	おや	oya	父母、双亲	おや
747	名词必考	必	結果	けっか	kekka	结果	けっき
748	名词必考	必	外国	がいこく	gaikoku	外国	がいこく
749	名词必考	必	会社	かいしゃ	kaisha	公司	かいしゃ
750	名词必考	必	最後	さいご	saigo	最后	さいご
751	名词必考	必	仕事	しごと	shigoto	工作	しごと
752	名词必考	必	生活	せいかつ	seikatsu	生活	せいかつ
753	名词必考	必	学校	がっこう	gakkou	学校	がっこう
754	名词必考	必	中国	ちゅうごく	chuugoku	中国	ちゅうごく
755	名词必考	必	電車	でんしゃ	densha	电车	でんしゃ
756	名词必考	必	活動	かつどう	katsudou	活动	
757	名词必考	必	友達	ともだち	tomodachi	朋友	ともだち
758	名词必考	必	内容	ないよう	naiyou	内容	ないよう
759	名词必考	必	理由	りゆう	riyuu	理由	りゆう
760	名词必考	必	日本	にっぽん	nippon	日本	にほん
761	名词必考	必	旅行	りょこう	ryokou	旅行	りょこう
762	名词必考	必	能力	のうりょく	nouryoku	能力	のうりょく
763	名词必考	必	花	はな	hana	花、花朵	はな
764	名词必考	必	料理	りょうり	ryouri	饭、菜	りょうり
765	名词必考	必	病気	びょうき	byouki	病、疾病	びょうき
766	名词必考	必	私	わたし	watashi	我	わたし
767	名词必考	必	文章	ぶんしょう	bunshou	文章	ぶんしょう
768	名词必考	必	勉強	べんきょう	benkyou	学习	べんきょう
769	名词必考	必	本	ほん	hon	书	ほん
771	名词高频	高	挨拶	あいさつ	aisatsu	招呼、寒暄	あいさつ
772	名词高频	高	足	あし	ashi	脚	あし
773	名词高频	高	あなた	あなた	anata	你	
774	名词高频	高	以外	いがい	igai	除了～以外	いがい
775	名词高频	高	後ろ	うしろ	ushiro	后面、背后	うしろ
776	名词高频	高	影響	えいきょう	eikyou	影响	えいきょう
777	名词高频	高	駅	えき	eki	车站	えき
778	名词高频	高	お陰	おかげ	okage	庇护、保佑	おかげ
779	名词高频	高	顔	かお	kao	脸、表情	かお
780	名词高频	高	風	かぜ	kaze	风	かぜ
781	名词高频	高	風邪	かぜ	kaze	感冒、伤寒	かぜ
782	名词高频	高	形	かたち	katachi	形状、外形	かたち
783	名词高频	高	彼女	かのじょ	kanojo	她、女朋友	かのじょ
784	名词高频	高	側	かわ	kawa	某一侧	かわ
785	名词高频	高	代わり	かわり	kawari	代替、补偿	かわり
786	名词高频	高	感覚	かんかく	kankaku	感觉	かんかんく
787	名词高频	高	感じ	かんじ	kanji	感觉、感受	かんじ
788	名词高频	高	君	きみ	kimi	你	きみ
789	名词高频	高	金曜日	きんようび	kinyoubi	周五	きんようび
790	名词高频	高	具合	ぐあい	guai	情况、状况	ぐあい
791	名词高频	高	口	くち	kuchi	嘴、口	くち
792	名词高频	高	計画	けいかく	keikaku	计划	けいかく
793	名词高频	高	声	こえ	koe	声音	こえ
794	名词高频	高	今年	ことし	kotoshi	今年	ことし
795	名词高频	高	最近	さいきん	saikin	最近	さいきん
796	名词高频	高	先	さき	saki	优先；目的地	さき
797	名词高频	高	仕方	しかた	shikata	做法	しかた
798	名词高频	高	式	しき	shiki	仪式、方式、形式	しき
799	名词高频	高	時代	じだい	jidai	时代	じだい
800	名词高频	高	質問	しつもん	shitsumon	提问、询问	しつもん
801	名词高频	高	邪魔	じゃま	jama	妨碍、阻碍	じゃま
802	名词高频	高	宿題	しゅくだい	shukudai	作业	しゅくだい
803	名词高频	高	食事	しょくじ	shokuji	就餐、吃饭、食物	しょくじ
804	名词高频	高	全て	すべて	subete	全部、所有	すべて
805	名词高频	高	卒業	そつぎょう	sotsugyou	毕业	そつぎょう
806	名词高频	高	外	そと	soto	外面、外侧	そと
807	名词高频	高	存在	そんざい	sonzai	存在	そんざい
808	名词高频	高	楽しみ	たのしみ	tanoshimi	乐趣、期待	たのしみ
809	名词高频	高	度	たび	tabi	某次；每次	たび
810	名词高频	高	違い	ちがい	chigai	差别、差异、不同	ちがい
811	名词高频	高	近く	ちかく	chikaku	附近、近处	ちかく
812	名词高频	高	机	つくえ	tsukue	桌子	つくえ
813	名词高频	高	手紙	てがみ	tegami	信	てがみ
814	名词高频	高	点	てん	ten	点、要点、分数	てん
815	名词高频	高	通り	とおり	toori	通路；按照～	とおり
816	名词高频	高	途中	とちゅう	tochuu	途中、中途	とちゅう
817	名词高频	高	隣	となり	tonari	隔壁、旁边、同桌	となり
818	名词高频	高	鳥	とり	tori	鸟类总称	どり
819	名词高频	高	人気	にんき	ninki	人气、受欢迎	にんき
820	名词高频	高	発表	はっぴょう	happyou	发表、演讲、报告	はつびょう
821	名词高频	高	晩	ばん	ban	晚上	ばん
822	名词高频	高	夜	よる	yoru	夜晚、晚上	よる
823	名词高频	高	反対	はんたい	hantai	反对；相反	はんたい
824	名词高频	高	日	ひ	hi	天、日、日子、时候	ひ
825	名词高频	高	一人	いちにん	ichinin	一个人、独自一人	ひとり
826	名词高频	高	船	ふね	fune	船	ふね
827	名词高频	高	僕	ぼく	boku	我	ぼく
828	名词高频	高	町	まち	machi	城镇、街道	まち
829	名词高频	高	間違い	まちがい	machigai	错误	まちがい
830	名词高频	高	周り	まわり	mawari	附近、四周、周围	まわり
831	名词高频	高	皆さん	みなさん	minasan	大家	みなさん
832	名词高频	高	耳	みみ	mimi	耳朵、耳	みみ
833	名词高频	高	昔	むかし	mukashi	过去、曾经	むかし
834	名词高频	高	申し訳	もうしわけ	moushiwake	理由、辩解、缘由	もうしわけ
835	名词高频	高	元	もと	moto	根源、源头	もと
836	名词高频	高	役	やく	yaku	职位、角色	やく
837	名词高频	高	休み	やすみ	yasumi	休息、假期、休假	やすみ
838	名词高频	高	様子	ようす	yousu	样子	ようす
839	名词高频	高	我々	われわれ	wareware	我们	われわれ
840	名词高频	高	医者	いしゃ	isha	医生	いしゃ
841	名词高频	高	歌	うた	uta	歌、歌曲	うた
842	名词高频	高	絵	え	e	画	え
843	名词高频	高	経験	けいけん	keiken	经验	けいけん
844	名词高频	高	携帯	けいたい	keitai	便携、携带	けいたい
845	名词高频	高	お茶	おちゃ	ocha	茶	おちゃ
846	名词高频	高	音	おと	oto	声音（物）	おと
847	名词高频	高	研究	けんきゅう	kenkyuu	研究	けんきゅう
848	名词高频	高	大人	おとな	otona	大人、成年人	おとな
849	名词高频	高	健康	けんこう	kenkou	健康	けんこう
850	名词高频	高	現在	げんざい	genzai	现在、目前	げんざい
851	名词高频	高	自動車	じどうしゃ	jidousha	汽车	じどうしゃ
852	名词高频	高	社会	しゃかい	shakai	社会	しゃかい
853	名词高频	高	誕生日	たんじょうび	tanjoubi	生日	たんじょうび
854	名词高频	高	写真	しゃしん	shashin	照片	しゃしん
855	名词高频	高	自由	じゆう	jiyuu	自由	じゆう
856	名词高频	高	男性	だんせい	dansei	男性	だんせい
857	名词高频	高	習慣	しゅうかん	shuukan	习惯	しゅうかん
858	名词高频	高	地下鉄	ちかてつ	chikatetsu	地铁	ちかってつ
859	名词高频	高	授業	じゅぎょう	jugyou	课程	じゅぎょう
860	名词高频	高	力	ちから	chikara	力量、能力	ちから
861	名词高频	高	出発	しゅっぱつ	shuppatsu	出发	しゅっぱつ
862	名词高频	高	注意	ちゅうい	chuui	注意	ちゅうい
863	名词高频	高	小学生	しょうがくせい	shougakusei	小学生	しょうがくせい
864	名词高频	高	調査	ちょうさ	chousa	调查	ちょうさ
865	名词高频	高	小学校	しょうがっこう	shougakkou	小学	しょうがっこう
866	名词高频	高	資料	しりょう	shiryou	资料	しりょう
867	名词高频	高	成功	せいこう	seikou	成功	せいこう
868	名词高频	高	程度	ていど	teido	程度	ていど
869	名词高频	高	成長	せいちょう	seichou	成长	せいちょう
870	名词高频	高	世界	せかい	sekai	世界	せかい
871	名词高频	高	説明	せつめい	setsumei	说明	せつめい
872	名词高频	高	店員	てんいん	tenin	店员	てんいん
873	名词高频	高	天気	てんき	tenki	天气	てんき
874	名词高频	高	動物	どうぶつ	doubutsu	动物	どうぶつ
875	名词高频	高	先週	せんしゅう	senshuu	上周	せんしゅう
876	名词高频	高	道路	どうろ	douro	道路、马路	どうろ
877	名词高频	高	先輩	せんぱい	senpai	前辈、学长、学姐	せんぱい
878	名词高频	高	図書館	としょかん	toshokan	图书馆	としょかん
879	名词高频	高	土曜日	どようび	doyoubi	星期六	どうび
880	名词高频	高	想像	そうぞう	souzou	想象	そうぞう
881	名词高频	高	努力	どりょく	doryoku	努力	どりょく
882	名词高频	高	対象	たいしょう	taishou	对象	たいしょう
883	名词高频	高	夏	なつ	natsu	夏天、夏季	なつ
884	名词高频	高	他人	たにん	tanin	他人，别人	たにん
885	名词高频	高	名前	なまえ	namae	名字	なまえ
886	名词高频	高	肉	にく	niku	肉	にく
887	名词高频	高	食べ物	たべもの	tabemono	食物	たべもの
888	名词高频	高	日曜日	にちようび	nichiyoubi	周日	にちょうび
889	名词高频	高	日常	にちじょう	nichijou	日常	にちじょう
890	名词高频	高	窓	まど	mado	窗户	まど
891	名词高频	高	荷物	にもつ	nimotsu	行李	にもの
892	名词高频	高	目的	もくてき	mokuteki	目的	もくてき
893	名词高频	高	春	はる	haru	春天、春季	はる
894	名词高频	高	箱	はこ	hako	箱子	はこ
895	名词高频	高	場所	ばしょ	basho	场所、位置	ばしょ
896	名词高频	高	山	やま	yama	山	やま
897	名词高频	高	人々	ひとびと	hitobito	每个人，人人	ひとびと
898	名词高频	高	夕食	ゆうしょく	yuushoku	晚饭	ゆうしょく
899	名词高频	高	表現	ひょうげん	hyougen	表现、表达	ひょうげん
900	名词高频	高	予定	よてい	yotei	计划、安排	よてい
901	名词高频	高	服	ふく	fuku	衣服、服装	ふく
902	名词高频	高	来週	らいしゅう	raishuu	下周	らいしゅう
903	名词高频	高	故郷	ふるさと	furusato	故乡、家乡、老家	ふるさと
904	名词高频	高	理解	りかい	rikai	理解	りかい
905	名词高频	高	文化	ぶんか	bunka	文化	ぶんか
906	名词高频	高	部屋	へや	heya	房间	へや
908	名词低频	高	変化	へんか	henka	变化	へんか
909	名词低频	高	本屋	ほんや	honya	书店	ほんや
910	名词低频	高	留学	りゅうがく	ryuugaku	留学	りゅうがく
911	名词低频	高	利用	りよう	riyou	利用	りよう
912	名词低频	高	量	りょう	ryou	量	りょう
913	名词低频	高	両親	りょうしん	ryoushin	父母、双亲	りょうしん
914	名词低频	高	練習	れんしゅう	renshuu	练习	れんしゅう
915	名词低频	高	毎日	まいにち	mainichi	每天	まいにち
916	名词低频	高	若者	わかもの	wakamono	年轻人	わかもの
917	名词低频	低	青	あお	ao	蓝色	あお
918	名词低频	低	味	あじ	aji	味道	あじ
919	名词低频	低	辺り	あたり	atari	附近、一带	あたり
920	名词低频	低	あちこち	あちこち	achikochi	到处	
921	名词低频	低	以下	いか	ika	以下	いか
922	名词低频	低	一部	いちぶ	ichibu	一部分	いちぶ
923	名词低频	低	以内	いない	inai	以内	いない
924	名词低频	低	命	いのち	inochi	命、性命、生命	いのち
925	名词低频	低	印象	いんしょう	inshou	印象	いんしょう
926	名词低频	低	受付	うけつけ	uketsuke	受理处、接待处	うけつけ
927	名词低频	低	牛	うし	ushi	牛	うし
928	名词低频	低	羊	ひつじ	hitsuji	羊、绵羊	ひつじ
929	名词低频	低	嘘	うそ	uso	谎话、谎言	うそ
930	名词低频	低	腕	うで	ude	胳膊；本领	うで
931	名词低频	低	生まれ	うまれ	umare	出生	うまれ
932	名词低频	低	裏	うら	ura	背面、里面	うら
933	名词低频	低	運転	うんてん	unten	操縦、驾驶	うんてん
934	名词低频	低	大勢	おおぜい	oozei	很多（人）	おおぜい
935	名词低频	低	お宅	おたく	otaku	您家、别人家	おたく
936	名词低频	低	驚き	おどろき	odoroki	震惊	おどろき
937	名词低频	低	思い出	おもいで	omoide	回忆	おもいで
938	名词低频	低	お礼	おれい	orei	感谢、回礼	おれい
939	名词低频	低	解決	かいけつ	kaiketsu	解决	かいけつ
940	名词低频	低	科学	かがく	kagaku	科学	かがく
941	名词低频	低	学習	がくしゅう	gakushuu	学习	がくしゅう
942	名词低频	低	過去	かこ	kako	过去	かこ
943	名词低频	低	数	かず	kazu	数量、数目	かず
944	名词低频	低	方々	かたがた	katagata	每个人、诸位	かたがた
945	名词低频	低	鞄	かばん	kaban	包	かばん
946	名词低频	低	川	かわ	kawa	河流	かわ
947	名词低频	低	奥	おく	oku	里面、深处	おく
948	名词低频	低	お互い	おたがい	otagai	相互	おたがい
949	名词低频	低	お腹	おなか	onaka	肚子	おなか
950	名词低频	低	兄	あに	ani	哥哥	あに
951	名词低频	低	姉	あね	ane	姐姐	あね
952	名词低频	低	妹	いもうと	imouto	妹妹	いもうと
953	名词低频	低	弟	おとうと	otouto	弟弟	おとうと
954	名词低频	低	お姉さん	おねえさん	oneesan	姐姐	おねえさん
955	名词低频	低	おじさん	おじさん	ojisan	叔叔、伯伯、姨夫	
956	名词低频	低	お爺さん	おじいさん	ojiisan	爷爷	おじいさん
957	名词低频	低	おばさん	おばさん	obasan	阿姨、姑妈、舅妈	
958	名词低频	低	お婆さん	おばあさん	obaasan	奶奶	おばあさん
959	名词低频	低	お前	おまえ	omae	你	おまえ
960	名词低频	低	解消	かいしょう	kaishou	緩和、消除	かいしょう
961	名词低频	低	階段	かいだん	kaidan	楼梯；阶段	かいだん
962	名词低频	低	帰り	かえり	kaeri	回去、返回、返还	かえり
963	名词低频	低	鍵	かぎ	kagi	钥匙、锁	かぎ
964	名词低频	低	各地	かくち	kakuchi	各地	かぐち
965	名词低频	低	確認	かくにん	kakunin	确认	かくにん
966	名词低频	低	学年	がくねん	gakunen	学年	がくねん
967	名词低频	低	傘	かさ	kasa	伞	かさ
968	名词低频	低	飾り	かざり	kazari	装饰、修饰	かざり
969	名词低频	低	角	かど	kado	角、拐角	かど
970	名词低频	低	関心	かんしん	kanshin	关怀、关心、感兴趣	かんしん
971	名词低频	低	勘定	かんじょう	kanjou	结算、结账	かんじょう
972	名词低频	低	感想	かんそう	kansou	感想	かんそう
973	名词低频	低	きっかけ	きっかけ	kikkake	契机、机会	
974	名词低频	低	怪我	けが	kega	受伤、受创	けが
975	名词低频	低	傷	きず	kizu	伤、伤口、伤痕、创伤	きず
976	名词低频	低	行事	ぎょうじ	gyouji	仪式、活动	ぎょうじ
977	名词低频	低	兄弟	きょうだい	kyoudai	兄弟姐妹	きょうだい
978	名词低频	低	癖	くせ	kuse	癖好、习惯	くせ
979	名词低频	低	趣味	しゅみ	shumi	兴趣、爱好	しゅみ
980	名词低频	低	興味	きょうみ	kyoumi	兴趣、爱好	きょうみ
981	名词低频	低	薬	くすり	kusuri	药	くすり
982	名词低频	低	記事	きじ	kiji	新闻、报道、消息	きじ
983	名词低频	低	季節	きせつ	kisetsu	季节	きせつ
984	名词低频	低	希望	きぼう	kibou	希望	きぼう
985	名词低频	低	苦労	くろう	kurou	辛苦、艰辛	くろう
986	名词低频	低	傾向	けいこう	keikou	倾向、趋势	けいこう
987	名词低频	低	検討	けんとう	kentou	研究、探讨、讨论、审核	けんどう
988	名词低频	低	午後	ごご	gogo	下午	ごご
989	名词低频	低	ご馳走	ごちそう	gochisou	款待、宴请、酒菜	ごちそう
990	名词低频	低	ご覧	ごらん	goran	看、读	ごらん
991	名词低频	低	自慢	じまん	jiman	自夸、自大、骄傲	じまん
992	名词低频	低	協力	きょうりょく	kyouryoku	协助、帮助、合作	きょうりょく
993	名词低频	低	許可	きょか	kyoka	许可、同意、允许	きょか
994	名词低频	低	記録	きろく	kiroku	记录	きろく
995	名词低频	低	近所	きんじょ	kinjo	街坊、邻居	きんじょ
996	名词低频	低	空気	くうき	kuuki	空气	くうき
997	名词低频	低	経済	けいざい	keizai	经济	けいざい
998	名词低频	低	見学	けんがく	kengaku	参观学习	けんがく
999	名词低频	低	猿	さる	saru	猴子	さる
1000	名词低频	低	参考	さんこう	sankou	参考、借鉴	さんこう
1001	名词低频	低	自信	じしん	jishin	自信	じしん
1002	名词低频	低	事情	じじょう	jijou	事情、缘由、情况	じじょう
1003	名词低频	低	実験	じっけん	jikken	实验	じっけん
1004	名词低频	低	実行	じっこう	jikkou	实行、实施、实际行动	じっこう
1005	名词低频	低	実際	じっさい	jissai	实际	じっさい
1006	名词低频	低	指導	しどう	shidou	指导	しどう
1007	名词低频	低	社員	しゃいん	shain	职员、社員	しゃいん
1008	名词低频	低	主人	しゅじん	shujin	丈夫；你老公；店主	しゅじん
1009	名词低频	低	順序	じゅんじょ	junjo	顺序	じゅんじょ
1010	名词低频	低	順番	じゅんばん	junban	顺序	じゅんばん
1011	名词低频	低	用意	ようい	youi	准备	ようい
1012	名词低频	低	準備	じゅんび	junbi	准备	じゅんび
1013	名词低频	低	印	しるし	shirushi	印记、标记、证据	しるし
1014	名词低频	低	神経	しんけい	shinkei	神经	しんけい
1015	名词低频	低	未来	みらい	mirai	未来	みらい
1016	名词低频	低	将来	しょうらい	shourai	将来	しょうらい
1017	名词低频	低	女子	じょし	joshi	女子	じょし
1018	名词低频	低	心配	しんぱい	shinpai	担心	しんぱい
1019	名词低频	低	水泳	すいえい	suiei	游泳	すいえい
1020	名词低频	低	水道	すいどう	suidou	水管	すいどう
1021	名词低频	低	姿	すがた	sugata	姿势、身姿、外形	すがた
1022	名词低频	低	専門	せんもん	senmon	专业、专长	せんもん
1023	名词低频	低	增加	ぞうか	zouka	增加	ぞうか
1024	名词低频	低	生徒	せいと	seito	学生、学徒	せいと
1025	名词低频	低	席	せき	seki	座位、席位	せき
1026	名词低频	低	世話	せわ	sewa	照顾	せわ
1027	名词低频	低	洗濯	せんたく	sentaku	洗（衣物等）	せんたく
1028	名词低频	低	その後	そのあと	sonoato	那之后	そのあと
1029	名词低频	低	側・傍	そば	soba	旁边	そば
1030	名词低频	低	蕎麦	そば	soba	荞麦面	そば
1031	名词低频	低	空	そら	sora	天空	そら
1032	名词低频	低	種	たね	tane	种子	たね
1033	名词低频	低	煙草	たばこ	tabako	烟、烟草	たばこ
1034	名词低频	低	男女	だんじょ	danjo	男女	だんじょ
1035	名词低频	低	担当	たんとう	tantou	负责人、担当	たんとう
1036	名词低频	低	担任	たんにん	tannin	负责	たんにん
1037	名词低频	低	お釣り	おつり	otsuri	零钱	おつり
1038	名词低频	低	遅刻	ちこく	chikoku	迟到	ちこく
1039	名词低频	低	都合	つごう	tsugou	原因、合适、方便	つごう
1040	名词低频	低	妻	つま	tsuma	妻子、爱人	つま
1041	名词低频	低	電気	でんき	denki	电、电气	でんき
1042	名词低频	低	出入り	でいり	deiri	进出	でいり
1043	名词低频	低	遠く	とおく	tooku	远处、远方	とおく
1044	名词低频	低	得	とく	toku	利益、好处	とく
1045	名词低频	低	生	なま	nama	生的、鲜的、未加工过的	なま
1046	名词低频	低	認識	にんしき	ninshiki	认识、认知	にんしき
1047	名词低频	低	願い	ねがい	negai	愿望、拜托、希望	ねがい
1048	名词低频	低	熱	ねつ	netsu	热度、热	ねつ
1049	名词低频	低	能率	のうりつ	nouritsu	效率	のりつ
1050	名词低频	低	歯	は	ha	牙齿	は
1051	名词低频	低	火	ひ	hi	火	ひ
1052	名词低频	低	左	ひだり	hidari	左、左边、左侧	ひだり
1053	名词低频	低	風呂	ふろ	furo	澡池、澡盆、泡澡	ふろ
1054	名词低频	低	祭り	まつり	matsuri	节日、祭日	まつり
1055	名词低频	低	回り	まわり	mawari	转圈；四周、周围一圈	まわり
1056	名词低频	低	皆	みんな	minna	大家	みんな
1057	名词低频	低	向こう	むこう	mukou	对面、对方、另一侧	むこう
1058	名词低频	低	息子	むすこ	musuko	儿子	むすこ
1059	名词低频	低	娘	むすめ	musume	女儿	むすめ
1060	名词低频	低	迷惑	めいわく	meiwaku	麻烦、打扰	めいわく
1061	名词低频	低	面倒	めんどう	mendou	照顾、麻烦	めんどう
1062	名词低频	低	発展	はってん	hatten	发展	はってん
1063	名词低频	低	番組	ばんぐみ	bangumi	节目	ばんぐみ
1064	名词低频	低	光	ひかり	hikari	光、光线、阳光	ひかり
1065	名词低频	低	久しぶり	ひさしぶり	hisashiburi	时隔好久	ひさしぶり
1066	名词低频	低	一言	ひとこと	hitokoto	一句话	ひとこと
1067	名词低频	低	普及	ふきゅう	fukyuu	普及	ふきゅう
1068	名词低频	低	無事	ぶじ	buji	平安无事	ぶじ
1069	名词低频	低	塀	へい	hei	围墙、栅栏	へい
1070	名词低频	低	辺	へん	hen	一带、附近、周边	へん
1071	名词低频	低	放送	ほうそう	housou	放送、播放	ほうそう
1072	名词低频	低	埃	ほこり	hokori	尘埃、灰尘	ほこり
1073	名词低频	低	待ち合わせ	まちあわせ	machiawase	碰头、见面	まちあわせ
1074	名词低频	低	真ん中	まんなか	mannaka	正中间、正中央	まんなか
1075	名词低频	低	自ら	みずから	mizukara	自己、亲自	みずから
1076	名词低频	低	緑	みどり	midori	绿、绿色	みどり
1077	名词低频	低	夢	ゆめ	yume	梦、梦想	ゆめ
1078	名词低频	低	喜び	よろこび	yorokobi	高兴、喜悦	よろこび
1079	名词低频	低	利益	りえき	rieki	利益、好处	りえき
1080	名词低频	低	流行	りゅうこう	ryuukou	流行	りゅうこう
1081	名词低频	低	礼儀	れいぎ	reigi	礼仪	れいぎ
1082	名词低频	低	列	れつ	retsu	队、列	れつ
1083	名词低频	低	役割	やくわり	yakuwari	任务、作用、效果	やくわり
1084	名词低频	低	湯	ゆ	yu	热水、开水、洗澡水	ゆ
1085	名词低频	低	優勝	ゆうしょう	yuushou	获胜	ゆうしょう
1086	名词低频	低	夕べ	ゆうべ	yuube	昨天晚上	ゆうべ
1087	名词低频	低	輸入	ゆにゅう	yunyuu	进口	ゆにゅう
1088	名词低频	低	用事	ようじ	youji	急事、重要的事	ようじ
1089	名词低频	低	横	よこ	yoko	横着、旁边	よこ
1090	名词低频	低	例	れい	rei	例子；之前的；惯例	れい
1091	名词低频	低	留守	るす	rusu	不在家	るす
1092	名词低频	低	歴史	れきし	rekishi	历史	れきし
1093	名词低频	低	連絡	れんらく	renraku	联系、联络	れんらく
1094	名词低频	低	廊下	ろうか	rouka	走廊	ろうか
1095	名词低频	低	割	わり	wari	比例	わり
1096	名词低频	低	割合	わりあい	wariai	比例	わりあい
1097	名词低频	低	愛	あい	ai	爱、爱情	あい
1098	名词低频	低	赤	あか	aka	红色	あか
1099	名词低频	低	栄養	えいよう	eiyou	营养	えいよう
1100	名词低频	低	笑顔	えがお	egao	笑颜、微笑、笑脸	えがお
1101	名词低频	低	枝	えだ	eda	枝、树枝	えだ
1102	名词低频	低	演奏会	えんそうかい	ensoukai	演奏会	えんそうかい
1103	名词低频	低	鉛筆	えんぴつ	enpitsu	铅笔	えんぴつ
1104	名词低频	低	お菓子	おかし	okashi	点心	おかし
1105	名词低频	低	お金	おかね	okane	钱、金钱	おかね
1106	名词低频	低	お客様	おきゃくさま	okyakusama	客人	おきゃくさま
1107	名词低频	低	おしゃべり	おしゃべり	oshaberi	健谈、聊天	おしゃべり
1108	名词低频	低	お節料理	おせちりょうり	osechiryouri	御节料理	おせちりょうり
1109	名词低频	低	お年玉	おとしだま	otoshidama	压岁钱	おとしだま
1110	名词低频	低	お土産	おみやげ	omiyage	礼物、土特产	おみやげ
1111	名词低频	低	音楽	おんがく	ongaku	音乐	おんがく
1112	名词低频	低	温泉	おんせん	onsen	温泉	おんせん
1113	名词低频	低	温度	おんど	ondo	温度	おんど
1114	名词低频	低	絵画	かいが	kaiga	绘画	かいが
1115	名词低频	低	海岸	かいがん	kaigan	海岸、海边	かいがん
1116	名词低频	低	外交	がいこう	gaikou	外交	がいこう
1117	名词低频	低	鏡	かがみ	kagami	镜子	かがみ
1118	名词低频	低	学問	がくもん	gakumon	学问	がくもん
1119	名词低频	低	加工	かこう	kakou	加工	かこう
1120	名词低频	低	家事	かじ	kaji	家里事、家务活	かじ
1121	名词低频	低	歌手	かしゅ	kashu	歌手	かしゅ
1122	名词低频	低	肩	かた	kata	肩膀	かた
1123	名词低频	低	課題	かだい	kadai	课题	かだい
1124	名词低频	低	課長	かちょう	kachou	科长	かちょう
1125	名词低频	低	家庭	かてい	katei	家庭	かてい
1126	名词低频	低	仮名	かな	kana	假名	かな
1127	名词低频	低	花瓶	かびん	kabin	花瓶	かびん
1128	名词低频	低	紙	かみ	kami	纸	かみ
1129	名词低频	低	髪	かみ	kami	头发	かみ
1130	名词低频	低	雷	かみなり	kaminari	雷	かみなり
1131	名词低频	低	科目	かもく	kamoku	科目	かむく
1132	名词低频	低	火曜日	かようび	kayoubi	星期二	かようび
1133	名词低频	低	皮	かわ	kawa	皮	かわ
1134	名词低频	低	漢字	かんじ	kanji	汉字	かんじ
1135	名词低频	低	感謝	かんしゃ	kansha	感谢	かんしゃ
1136	名词低频	低	観光	かんこう	kankou	观光	かんこう
1137	名词低频	低	感動	かんどう	kandou	感动	かんどう
1138	名词低频	低	機会	きかい	kikai	机会	きかい
1139	名词低频	低	企業	きぎょう	kigyou	企业	きぎょう
1140	名词低频	低	着物	きもの	kimono	衣服、和服	きもの
1141	名词低频	低	牛乳	ぎゅうにゅう	gyuunyuu	牛奶	ぎゅうにゅう
1142	名词低频	低	切符	きっぷ	kippu	票	きっぷ
1143	名词低频	低	草	くさ	kusa	草	くさ
1144	名词低频	低	果物	くだもの	kudamono	水果	くだもの
1145	名词低频	低	結婚	けっこん	kekkon	结婚	けっこん
1146	名词低频	低	県	けん	ken	县	けん
1147	名词低频	低	言語	げんご	gengo	语言	げんご
1148	名词低频	低	感心	かんしん	kanshin	佩服、钦佩	かんしん
1149	名词低频	低	乾燥	かんそう	kansou	干燥	かんそう
1150	名词低频	低	元旦	がんたん	gantan	元旦	がんたん
1151	名词低频	低	管理	かんり	kanri	管理	かんり
1152	名词低频	低	観察	かんさつ	kansatsu	观察	かんさつ
1153	名词低频	低	関連	かんれん	kanren	关联、联系	かんれん
1154	名词低频	低	黄色	きいろ	kiiro	黄色	きいろ
1155	名词低频	低	気温	きおん	kion	气温	きおん
1156	名词低频	低	機械	きかい	kikai	机械	きかい
1157	名词低频	低	期間	きかん	kikan	期间	かんかん
1158	名词低频	低	気候	きこう	kikou	气候	きこう
1159	名词低频	低	記号	きごう	kigou	记号	きご
1160	名词低频	低	記憶	きおく	kioku	记忆	きおく
1161	名词低频	低	基礎	きそ	kiso	基础	きそ
1162	名词低频	低	規則	きそく	kisoku	规则	きそく
1163	名词低频	低	機能	きのう	kinou	机能	きのう
1164	名词低频	低	期待	きたい	kitai	期待	きたい
1165	名词低频	低	北	きた	kita	北	きた
1166	名词低频	低	記念	きねん	kinen	纪念	きねん
1167	名词低频	低	義務	ぎむ	gimu	义务	ぎむ
1168	名词低频	低	教師	きょうし	kyoushi	教师	きょうし
1169	名词低频	低	教授	きょうじゅ	kyouju	教授	きょうじゅ
1170	名词低频	低	曲	きょく	kyoku	曲子	きょく
1171	名词低频	低	去年	きょねん	kyonen	去年	きょねん
1172	名词低频	低	距離	きょり	kyori	距离	きょり
1173	名词低频	低	共有	きょうゆう	kyouyuu	共同拥有	きょうゆう
1174	名词低频	低	競争	きょうそう	kyousou	竞争	きょうそう
1175	名词低频	低	禁止	きんし	kinshi	禁止	きんし
1176	名词低频	低	緊張	きんちょう	kinchou	紧张	きんちょう
1177	名词低频	低	雲	くも	kumo	云、云彩	くも
1178	名词低频	低	雲り	くもり	kumori	多云、阴天	くもり
1179	名词低频	低	車椅子	くるまいす	kurumaisu	轮椅	くるまいす
1180	名词低频	低	工夫	くふう	kufuu	方法、窍门、动脑筋	くふう
1181	名词低频	低	靴	くつ	kutsu	鞋子	くつ
1182	名词低频	低	敬語	けいご	keigo	敬语	けいご
1183	名词低频	低	高校生	こうこうせい	koukousei	高中生	こうこうせい
1184	名词低频	低	講座	こうざ	kouza	讲座	こうざ
1185	名词低频	低	後者	こうしゃ	kousha	后者	こうしゃ
1186	名词低频	低	構成	こうせい	kousei	构成，结构	こうせい
1187	名词低频	低	紅茶	こうちゃ	koucha	红茶	こうちゃ
1188	名词低频	低	校長	こうちょう	kouchou	校长	こうちょう
1189	名词低频	低	交通	こうつう	koutsuu	交通	こうつう
1190	名词低频	低	後輩	こうはい	kouhai	后辈、晚辈	こうはい
1191	名词低频	低	交番	こうばん	kouban	派出所、警亭	こうばん
1192	名词低频	低	交流	こうりゅう	kouryuu	交流、沟通	こうりゅう
1193	名词低频	低	冰	こおり	koori	冰	こおり
1194	名词低频	低	誤解	ごかい	gokai	误解	ごかい
1195	名词低频	低	語学	ごがく	gogaku	语言学	ごがく
1196	名词低频	低	呼吸	こきゅう	kokyuu	呼吸	こきゅう
1197	名词低频	低	国際	こくさい	kokusai	国际	こくさい
1198	名词低频	低	国産	こくさん	kokusan	国产	こくさん
1199	名词低频	低	黒板	こくばん	kokuban	黑板	こくばん
1200	名词低频	低	個人	こじん	kojin	个人	こじん
1201	名词低频	低	古代	こだい	kodai	古代	こだい
1202	名词低频	低	答え	こたえ	kotae	回答、应答、答案	こたえ
1203	名词低频	低	こっち	こっち	kotchi	这边、这里	
1204	名词低频	低	ゴミ箱	ごみばこ	gomibako	垃圾箱	ごみばこ
1205	名词低频	低	小麦	こむぎ	komugi	小麦	こむぎ
1206	名词低频	低	米	こめ	kome	米、稻米	こめ
1207	名词低频	低	今月	こんげつ	kongetsu	这个月、本月	こんげつ
1208	名词低频	低	今後	こんご	kongo	今后、从今往后	こんご
1209	名词低频	低	今週	こんしゅう	konshuu	这个周、本周	こんしゅう
1210	名词低频	低	困難	こんなん	konnan	困难	こんなん
1211	名词低频	低	災害	さいがい	saigai	灾害	さいがい
1212	名词低频	低	財布	さいふ	saifu	钱包	さいふ
1213	名词低频	低	材料	ざいりょう	zairyou	材料	ざいりょう
1214	名词低频	低	作文	さくぶん	sakubun	作文	さくぶん
1215	名词低频	低	作物	さくもつ	sakumotsu	作物	さくもつ
1216	名词低频	低	桜	さくら	sakura	樱、樱花	さくら
1217	名词低频	低	酒	さけ	sake	酒	さけ
1218	名词低频	低	作家	さっか	sakka	作家	さっか
1219	名词低频	低	雑誌	ざっし	zasshi	杂志	ざっし
1220	名词低频	低	砂糖	さとう	satou	砂糖	さとう
1221	名词低频	低	茶道	さどう	sadou	茶道	さどう
1222	名词低频	低	砂漠	さばく	sabaku	沙漠	さばく
1223	名词低频	低	皿	さら	sara	碟子、盘子	さら
1224	名词低频	低	再来週	さらいしゅう	saraishuu	大下周	らいしゅう
1225	名词低频	低	参加	さんか	sanka	参加	さんか
1226	名词低频	低	産業	さんぎょう	sangyou	产业	さんぎょう
1227	名词低频	低	賛成	さんせい	sansei	赞成	さんせい
1228	名词低频	低	才能	さいのう	sainou	才能	さいのう
1229	名词低频	低	酸素	さんそ	sanso	氧、氧气	さんそ
1230	名词低频	低	散歩	さんぽ	sanpo	散步	さんぽ
1231	名词低频	低	詩	し	shi	诗、诗歌	し
1232	名词低频	低	試合	しあい	shiai	比赛	しあい
1233	名词低频	低	幸せ	しあわせ	shiawase	幸福	しあわせ
1234	名词低频	低	四角	しかく	shikaku	四角	しかく
1235	名词低频	低	時期	じき	jiki	时期	じき
1236	名词低频	低	刺激	しげき	shigeki	刺激	しげき
1237	名词低频	低	資源	しげん	shigen	资源	しげん
1238	名词低频	低	事実	じじつ	jijitsu	事实	じじつ
1239	名词低频	低	下	した	shita	下、下面	した
1240	名词低频	低	舌	した	shita	舌头	した
1241	名词低频	低	実感	じっかん	jikkan	切实、实际感受	じっかん
1242	名词低频	低	実現	じつげん	jitsugen	实现	じつげん
1243	名词低频	低	失敗	しっぱい	shippai	失败	しんぱい
1244	名词低频	低	自動	じどう	jidou	自动	じどう
1245	名词低频	低	市内	しない	shinai	市内	しない
1246	名词低频	低	品物	しなもの	shinamono	商品	しなもの
1247	名词低频	低	島	しま	shima	岛	しま
1248	名词低频	低	事務	じむ	jimu	事物、办公	じむ
1249	名词低频	低	社長	しゃちょう	shachou	社长	しゃちょう
1250	名词低频	低	修学旅行	しゅうがくりょこう	shuugakuryokou	修学旅行	しゅうがくりょこう
1251	名词低频	低	集合	しゅうごう	shuugou	集合	しゅうごう
1252	名词低频	低	充実	じゅうじつ	juujitsu	充实	じゅうじつ
1253	名词低频	低	住所	じゅうしょ	juusho	住所、住址	じゅうしょ
1254	名词低频	低	就職	しゅうしょく	shuushoku	就职	しゅうしょく
1255	名词低频	低	収入	しゅうにゅう	shuunyuu	收入	しゅうにゅう
1256	名词低频	低	週末	しゅうまつ	shuumatsu	周末	しゅうまつ
1257	名词低频	低	主食	しゅしょく	shushoku	主食	しゅしょく
1258	名词低频	低	主人公	しゅじんこう	shujinkou	主人公	しゅじんこう
1259	名词低频	低	主張	しゅちょう	shuchou	主张	しゅちょう
1260	名词低频	低	出席	しゅっせき	shusseki	出席	しゅっせき
1261	名词低频	低	出張	しゅっちょう	shutchou	出差	しゅっちょう
1262	名词低频	低	首都	しゅと	shuto	首都	しゅと
1263	名词低频	低	種類	しゅるい	shurui	种类	しゅるい
1264	名词低频	低	紹介	しょうかい	shoukai	介绍	しょうかい
1265	名词低频	低	障害	しょうがい	shougai	阻碍、障碍	しょうがい
1266	名词低频	低	正月	しょうがつ	shougatsu	正月	しょうがつ
1267	名词低频	低	同級生	どうきゅうせい	doukyuusei	同级生	どうきゅうせい
1268	名词低频	低	道具	どうぐ	dougu	道具	どうぐ
1269	名词低频	低	動作	どうさ	dousa	動作	どうさ
1270	名词低频	低	当番	とうばん	touban	值班	どうばん
1271	名词低频	低	登録	とうろく	touroku	登录	どうろく
1272	名词低频	低	同士	どうし	doushi	同事、同伴、伙伴	どうし
1273	名词低频	低	同時	どうじ	douji	同时	どうじ
1274	名词低频	低	都会	とかい	tokai	都会、城市	とかい
1275	名词低频	低	特産	とくさん	tokusan	特产	とくさん
1276	名词低频	低	特徴	とくちょう	tokuchou	特征	とくちょう
1277	名词低频	低	独特	どくとく	dokutoku	独特	どくたく
1278	名词低频	低	登山	とざん	tozan	登山	とざん
1279	名词低频	低	都市	とし	toshi	都市、城市	とし
1280	名词低频	低	土地	とち	tochi	土地	とち
1281	名词低频	低	どっち	どっち	dotchi	哪个	
1282	名词低频	低	鳥肉	とりにく	toriniku	鸡肉	とりにく
1283	名词低频	低	読書	どくしょ	dokusho	读书	どくしょ
1284	名词低频	低	時計	とけい	tokei	钟、表	とけい
1285	名词低频	低	仲	なか	naka	关系	なか
1286	名词低频	低	仲間	なかま	nakama	朋友、伙伴	なかま
1287	名词低频	低	流れ	ながれ	nagare	流动、水流	ながれ
1288	名词低频	低	夏休み	なつやすみ	natsuyasumi	暑假	なつやすみ
1289	名词低频	低	鍋	なべ	nabe	锅；火锅	なべ
1290	名词低频	低	鍋料理	なべりょうり	naberyouri	火锅	なべりょうり
1291	名词低频	低	涙	なみだ	namida	泪、泪水	なみだ
1292	名词低频	低	悩み	なやみ	nayami	烦恼	なやみ
1293	名词低频	低	西	にし	nishi	西、西方、西边	にし
1294	名词低频	低	日程	にってい	nittei	日程	にってい
1295	名词低频	低	入学	にゅうがく	nyuugaku	入学	にゅうがく
1296	名词低频	低	入学式	にゅうがくしき	nyuugakushiki	入学	にゅうがしき
1297	名词低频	低	入场	にゅうじょう	nyuujou	入场	にゅうじょう
1298	名词低频	低	入场券	にゅうじょうけん	nyuujouken	入场券	にゅうじょうけん
1299	名词低频	低	庭	にわ	niwa	庭院	にわ
1300	名词低频	低	人形	にんぎょう	ningyou	人偶	にんぎょう
1301	名词低频	低	布	ぬの	nuno	布	ぬの
1302	名词低频	低	葱	ねぎ	negi	葱	ねぎ
1303	名词低频	低	猫	ねこ	neko	猫	ねこ
1304	名词低频	低	年末	ねんまつ	nenmatsu	年末	ねんまつ
1305	名词低频	低	寝坊	ねぼう	nebou	睡懶觉	ねぼ
1306	名词低频	低	農家	のうか	nouka	农户、农家	のうか
1307	名词低频	低	農業	のうぎょう	nougyou	农业	のうぎょう
1308	名词低频	低	飲み物	のみもの	nomimono	饮品、饮料	のみもの
1309	名词低频	低	葉	は	ha	叶子	は
1310	名词低频	低	場	ば	ba	场地、场所	ば
1311	名词低频	低	背景	はいけい	haikei	背景	はいけい
1312	名词低频	低	売店	ばいてん	baiten	小卖铺	ばいてん
1313	名词低频	低	破壊	はかい	hakai	破坏	はかい
1314	名词低频	低	葉書	はがき	hagaki	明信片	はがき
1315	名词低频	低	拍手	はくしゅ	hakushu	拍手、鼓掌	はくしゅ
1316	名词低频	低	橋	はし	hashi	桥	はし
1317	名词低频	低	箸	はし	hashi	筷子	はし
1318	名词低频	低	発音	はつおん	hatsuon	发音	はつおん
1319	名词低频	低	発見	はっけん	hakken	发现	はっけん
1320	名词低频	低	発達	はったつ	hattatsu	发达	はったつ
1321	名词低频	低	発明	はつめい	hatsumei	发明	はつめい
1322	名词低频	低	鼻	はな	hana	鼻子	はな
1323	名词低频	低	花見	はなみ	hanami	赏花、赏樱	はなみ
1324	名词低频	低	場面	ばめん	bamen	场面、场景	ばめん
1325	名词低频	低	早起き	はやおき	hayaoki	早起	はやおき
1326	名词低频	低	晴	はれ	hare	晴、晴天	はれ
1327	名词低频	低	範囲	はんい	hani	范围	はんい
1328	名词低频	低	晩ご飯	ばんごはん	bangohan	晚饭	ばんごはん
1329	名词低频	低	判断	はんだん	handan	判断	はんだ
1330	名词低频	低	半年	はんとし	hantoshi	半年	はんとし
1331	名词低频	低	番号	ばんごう	bangou	号码	ばんご
1332	名词低频	低	東	ひがし	higashi	东、东方	ひがし
1333	名词低频	低	飛行機	ひこうき	hikouki	飞机	ひこうき
1334	名词低频	低	美術	びじゅつ	bijutsu	美术	びじゅつ
1335	名词低频	低	否定	ひてい	hitei	否定	ひてい
1336	名词低频	低	一つ	ひとつ	hitotsu	一个、一岁	ひとつ
1337	名词低频	低	一人一人	ひとりひとり	hitorihitori	每个人、一个一个	ひとりひとり
1338	名词低频	低	ひどい目	ひどいめ	hidoime	倒霉、吃苦头	ひどいめ
1339	名词低频	低	暇	ひま	hima	空闲、闲暇	ひま
1340	名词低频	低	秘密	ひみつ	himitsu	秘密	ひみつ
1341	名词低频	低	費用	ひよう	hiyou	费用	ひょう
1342	名词低频	低	病院	びょういん	byouin	医院	びょういん
1343	名词低频	低	評価	ひょうか	hyouka	评价	ひょうか
1344	名词低频	低	表紙	ひょうし	hyoushi	封面	ひょうし
1345	名词低频	低	表情	ひょうじょう	hyoujou	表情	ひょうじょう
1346	名词低频	低	評判	ひょうばん	hyouban	评价、口碑	ひょうばん
1347	名词低频	低	表面	ひょうめん	hyoumen	表面	ひょうめん
1348	名词低频	低	昼ご飯	ひるごはん	hirugohan	午饭	ひるごはん
1349	名词低频	低	昼寝	ひるね	hirune	午睡	ひるね
1350	名词低频	低	広場	ひろば	hiroba	广场	ひろば
1351	名词低频	低	瓶	びん	bin	瓶子	びん
1352	名词低频	低	福祉	ふくし	fukushi	福利	ふくし
1353	名词低频	低	復習	ふくしゅう	fukushuu	复习	ふくしゅう
1354	名词低频	低	袋	ふくろ	fukuro	袋子	ふくろ
1355	名词低频	低	不十分	ふじゅうぶん	fujuubun	不充分	ふじゅうぶん
1356	名词低频	低	二人	ふたり	futari	两个人	ふたり
1357	名词低频	低	普段	ふだん	fudan	平时，平常	ふだん
1358	名词低频	低	部長	ぶちょう	buchou	部长	ぶちょう
1359	名词低频	低	物理	ぶつり	butsuri	物理	ぶつり
1360	名词低频	低	布団	ふとん	futon	被子	ふとん
1361	名词低频	低	部分	ぶぶん	bubun	部分	ぶぶん
1362	名词低频	低	冬	ふゆ	fuyu	冬天、冬季	ふゆ
1363	名词低频	低	文学	ぶんがく	bungaku	文学	ぶんがく
1364	名词低频	低	文房具	ぶんぼうぐ	bunbougu	文具	ぶんぼうぐ
1365	名词低频	低	分野	ぶんや	bunya	领域	ぶんや
1366	名词低频	低	平均	へいきん	heikin	平均	へいきん
1367	名词低频	低	平和	へいわ	heiwa	和平	へいわ
1368	名词低频	低	弁当	べんとう	bentou	便当	べんとう
1369	名词低频	低	棒	ぼう	bou	棒、棍子	ぼう
1370	名词低频	低	貿易	ぼうえき	boueki	贸易	ぼうえき
1371	名词低频	低	帽子	ぼうし	boushi	帽子	ぼうし
1372	名词低频	低	方法	ほうほう	houhou	方法	ほうほう
1373	名词低频	低	訪問	ほうもん	houmon	访问	ほうもん
1374	名词低频	低	法律	ほうりつ	houritsu	法律	ほうりつ
1375	名词低频	低	保険	ほけん	hoken	保险	ほけん
1376	名词低频	低	保護	ほご	hogo	保护	ほご
1377	名词低频	低	保存	ほぞん	hozon	保存	ほぞん
1378	名词低频	低	骨	ほね	hone	骨头	ほね
1379	名词低频	低	目標	もくひょう	mokuhyou	目标	もくひょう
1380	名词低频	低	木曜日	もくようび	mokuyoubi	星期四	もくようび
1381	名词低频	低	文字	もじ	moji	文字	もじ
1382	名词低频	低	物語	ものがたり	monogatari	故事	ものがたり
1383	名词低频	低	物事	ものごと	monogoto	事物	ものごと
1384	名词低频	低	桃	もも	momo	桃子	もも
1385	名词低频	低	森	もり	mori	森林	もり
1386	名词低频	低	野球	やきゅう	yakyuu	棒球	やきゅう
1387	名词低频	低	野菜	やさい	yasai	蔬菜	やさい
1388	名词低频	低	野生	やせい	yasei	野生	やせい
1389	名词低频	低	有害	ゆうがい	yuugai	有害	ゆうがい
1390	名词低频	低	夕方	ゆうがた	yuugata	傍晚	ゆうがた
1391	名词低频	低	勇気	ゆうき	yuuki	勇气	ゆうき
1392	名词低频	低	有効	ゆうこう	yuukou	有效	ゆうこう
1393	名词低频	低	優秀	ゆうしゅう	yuushuu	优秀	ゆうしゅう
1394	名词低频	低	優先	ゆうせん	yuusen	优先	ゆうせん
1395	名词低频	低	郵便局	ゆうびんきょく	yuubinkyoku	邮局	ゆうびんきょく
1396	名词低频	低	有名	ゆうめい	yuumei	有名	ゆうめい
1397	名词低频	低	床	ゆか	yuka	地板	ゆか
1398	名词低频	低	雪	ゆき	yuki	雪	ゆき
1399	名词低频	低	輸出	ゆしゅつ	yushutsu	出口	ゆしゅつ
1400	名词低频	低	指	ゆび	yubi	手指	ゆび
1401	名词低频	低	容器	ようき	youki	容器	ようき
1402	名词低频	低	要求	ようきゅう	youkyuu	要求	ようきゅう
1403	名词低频	低	予習	よしゅう	yoshuu	预习	よしゅう
1404	名词低频	低	予測	よそく	yosoku	预测	よそく
1405	名词低频	低	予想	よそう	yosou	预想、预料	よそう
1406	名词低频	低	来月	らいげつ	raigetsu	下个月	らいげつ
1408	名词低频	低	来年	らいねん	rainen	明年	らいねん
1409	名词低频	低	理科	りか	rika	理科	りか
1410	名词低频	低	理想	りそう	risou	理想	りそう
1411	名词低频	低	立春	りっしゅん	risshun	立春	りっしゅん
1412	名词低频	低	寮	りょう	ryou	宿舍	りょう
1413	名词低频	低	料金	りょうきん	ryoukin	费用	りょうきん
1414	名词低频	低	兩國	りょうこく	ryoukoku	两国	りょうこく
1415	名词低频	低	両方	りょうほう	ryouhou	双方	りょうほう
1416	名词低频	低	旅館	りょかん	ryokan	旅馆	りょかん
1417	名词低频	低	林檎	りんご	ringo	苹果	りんご
1418	名词低频	低	冷蔵庫	れいぞうこ	reizouko	冰箱	れいぞうこ
1419	名词低频	低	連休	れんきゅう	renkyuu	連休	れんきゅう
1420	名词低频	低	老人	ろうじん	roujin	老人	ろうじん
1421	名词低频	低	労働	ろうどう	roudou	劳动	ろうどう
1422	名词低频	低	論文	ろんぶん	ronbun	论文	ろんぶん
1423	名词低频	低	話題	わだい	wadai	话题	わだい
1424	接续词	必	また	また	mata	而且、还有	
1425	接续词	必	そして	そして	soshite	然后；而且	
1426	接续词	高	それから	それから	sorekara	然后；还有	
1427	接续词	高	さらに	さらに	sarani	再有、更加	
1428	接续词	高	それに	それに	soreni	而且、还有	
1429	接续词	低	そのうえ	そのうえ	sonoue	而且、加上	
1430	接续词	低	しかも	しかも	shikamo	而且；却	
1431	接续词	未	なお	なお	nao	再者、此外	
1432	接续词	未	および	および	oyobi	以及、和	
1433	接续词	必	しかし	しかし	shikashi	但是	
1434	接续词	必	ところが	ところが	tokoroga	可是	
1435	接续词	高	でも	でも	demo	但是	
1436	接续词	低	けれども	けれども	keredomo	但是	
1437	接续词	低	だが	だが	daga	但是	
1438	接续词	低	それなのに	それなのに	sorenanoni	尽管那样	
1439	接续词	低	それが	それが	sorega	可是	
1440	接续词	低	だけど	だけど	dakedo	但是	
1441	接续词	未	とはいえ	とはいえ	tohaie	尽管那样	
1442	接续词	未	とはいうものの	とはいうものの	tohaiumonono	尽管那样	
1443	接续词	必	それで	それで	sorede	因此；后来	
1444	接续词	必	すると	すると	suruto	于是；那么	
1445	接续词	高	だから	だから	dakara	因此、所以	
1446	接续词	高	そこで	そこで	sokode	因此；那么	
1447	接续词	低	それなら	それなら	sorenara	那样的话	
1448	接续词	低	そのため	そのため	sonotame	因此、为此	
1449	接续词	低	ゆえに	ゆえに	yueni	所以、故而	
1450	接续词	低	そうすると	そうすると	sousuruto	这样的话	
1451	接续词	未	したがって	したがって	shitagatte	因此、从而	
1452	接续词	未	そうして	そうして	soushite	然后；而且	
1453	接续词	必	つまり	つまり	tsumari	即、就是	
1454	接续词	高	例えば	たとえば	tatoeba	比如、例如	
1455	接续词	低	すなわち	すなわち	sunawachi	即、正是	
1456	接续词	低	ただし	ただし	tadashi	但、但是	
1457	接续词	低	なぜなら	なぜなら	nazenara	为何、何故	
1458	接续词	低	というのは	というのは	toiunoha	是因为	
1459	接续词	未	もともと	もともと	motomoto	话虽如此	
1461	接续词	未	要するに	ようするに	yousuruni	总之	
1462	接续词	高	あるいは	あるいは	aruiha	或者	
1463	接续词	高	それも	それも	soremo	还是、或者	
1464	接续词	高	一方	いっぽう	ippou	另一方面	
1465	接续词	低	または	または	mataha	或者、要么	
1466	接续词	低	逆に	ぎゃくに	gyakuni	反过来	
1467	接续词	未	もしくは	もしくは	moshikuha	或、或者	
1468	接续词	高	それでは	それでは	soredeha	那么、那就	
1469	接续词	高	ところで	ところで	tokorode	欸、话说	
1470	接续词	低	ときに	ときに	tokini	唉、对了	
1471	接续词	低	では	では	deha	那么、那	
1472	接续词	低	さて	さて	sate	那么	
1473	接续词	未	そもそも	そもそも	somosomo	说起来	
1474	外来语		アイデア	あいであ	aidea	点子，创意	
1475	外来语		アジア	あじあ	ajia	亚洲	
1476	外来语		アドバイス	あどばいす	adobaisu	建议	
1477	外来语		アニメ	あにめ	anime	动画片	
1478	外来语		アパート	あぱーと	apaato	公寓	
1479	外来语		アフリカ	あふりか	afurika	非洲	
1480	外来语		アルバイト	あるばいと	arubaito	打工	
1481	外来语		アルバム	あるばむ	arubamu	相册	
1482	外来语		アルファベット	あるふぁべっと	arufuabetto	英文字母	
1483	外来语		アンケート	あんけーと	ankeeto	问卷	
1484	外来语		イメージ	いめーじ	imeeji	形象	
1485	外来语		インターネット	いんたーねっと	intaanetto	互联网	
1486	外来语		エアコン	えあこん	eakon	空调	
1487	外来语		エネルギー	えねるぎー	enerugii	能量	
1488	外来语		エレベーター	えれべーたー	erebeetaa	电梯	
1489	外来语		オーストラリア	おーすとらりあ	oosutoraria	澳大利亚	
1490	外来语		オープン	おーぷん	oopun	开放	
1491	外来语		オリンピック	おりんぴっく	orinpikku	奥运会	
1492	外来语		カーテン	かーてん	kaaten	窗帘	
1493	外来语		カード	かーど	kaado	卡片	
1494	外来语		ガイド	がいど	gaido	向导	
1495	外来语		ガス	がす	gasu	气体	
1496	外来语		カセット	かせっと	kasetto	磁带	
1497	外来语		ガソリン	がそりん	gasorin	汽油	
1498	外来语		カメラ	かめら	kamera	照相机	
1499	外来语		カラオケ	からおけ	karaoke	卡拉 OK	
1500	外来语		カレンダー	かれんだー	karendaa	日历	
1501	外来语		キャベツ	きゃべつ	kyabetsu	卷心菜	
1502	外来语		キャンパス	きゃんぱす	kyanpasu	校园	
1503	外来语		キロ	きろ	kiro	千克，公里	
1504	外来语		キログラム	きろぐらむ	kiroguramu	公斤	
1505	外来语		クラス	くらす	kurasu	班级	
1506	外来语		クラスメート	くらすめーと	kurasumeeto	同班同学	
1507	外来语		クラブ	くらぶ	kurabu	俱乐部	
1508	外来语		グラフ	ぐらふ	gurafu	图表	
1509	外来语		グラム	ぐらむ	guramu	克	
1510	外来语		グループ	ぐるーぷ	guruupu	小组	
1511	外来语		ケーキ	けーき	keeki	蛋糕	
1512	外来语		ゲーム	げーむ	geemu	游戏	
1513	外来语		消しゴム	けしごむ	keshigomu	橡皮	
1514	外来语		コース	こーす	koosu	路线，学科	
1515	外来语		コート	こーと	kooto	大衣	
1516	外来语		コーヒー	こーひー	koohii	咖啡	
1517	外来语		コーラ	こーら	koora	可乐	
1518	外来语		コスト	こすと	kosuto	成本	
1519	外来语		コップ	こっぷ	koppu	杯子	
1520	外来语		コピー	こぴー	kopii	复印件	
1521	外来语		コマーシャル	こまーしゃる	komaasharu	广告	
1522	外来语		コミュニケーション	こみゅにけーしょん	komyunikeeshon	沟通	
1523	外来语		コンサート	こんさーと	konsaato	音乐会	
1524	外来语		コンビニ	こんびに	konbini	便利店	
1525	外来语		コンピュータ	こんぴゅーた	konpyuuta	计算机	
1526	外来语		サービス	さーびす	saabisu	服务	
1527	外来语		サッカー	さっかー	sakkaa	足球	
1528	外来语		サラダ	さらだ	sarada	色拉	
1529	外来语		サラリーマン	さらりーまん	sarariiman	上班族	
1530	外来语		サンドイッチ	さんどいっち	sandoitchi	三明治	
1531	外来语		シーズン	しーずん	shiizun	季节	
1532	外来语		シーディー	しーでぃー	shiideii	CD	
1533	外来语		シャープペンシル	しゃーぷぺんしる	shaapupenshiru	自动笔	
1534	外来语		シャツ	しゃつ	shatsu	衬衫	
1535	外来语		ジュース	じゅーす	juusu	果汁	
1536	外来语		ジョギング	じょぎんぐ	jogingu	慢跑	
1537	外来语		スイッチ	すいっち	suitchi	开关	
1538	外来语		スーパー	すーぱー	suupaa	超市	
1539	外来语		スープ	すーぷ	suupu	汤	
1540	外来语		スカート	すかーと	sukaato	短裙	
1541	外来语		スキー	すきー	sukii	滑雪	
1542	外来语		スケート	すけーと	sukeeto	滑冰	
1543	外来语		スケジュール	すけじゅーる	sukejuuru	日程	
1544	外来语		スケッチ	すけっち	suketchi	写生，素描	
1545	外来语		スタート	すたーと	sutaato	开始	
1546	外来语		スタイル	すたいる	sutairu	风格，样式	
1547	外来语		ステレオ	すてれお	sutereo	立体声	
1548	外来语		ストーブ	すとーぶ	sutoobu	暖炉	
1549	外来语		ストレス	すとれす	sutoresu	压力	
1550	外来语		スピーチ	すぴーち	supiichi	演讲	
1551	外来语		スピード	すぴーど	supiido	速度	
1552	外来语		スポーツ	すぽーつ	supootsu	体育	
1553	外来语		スポーツセンター	すぽーつせんたー	supootsusentaa	体育中心	
1554	外来语		ズボン	ずぼん	zubon	裤子	
1555	外来语		セーター	せーたー	seetaa	毛衣	
1556	外来语		ゼロ	ぜろ	zero	零	
1557	外来语		センター	せんたー	sentaa	中心	
1558	外来语		センチ	せんち	senchi	厘米	
1559	外来语		センテンス	せんてんす	sentensu	句子	
1560	外来语		ソフト	そふと	sofuto	软件	
1561	外来语		タイム	たいむ	taimu	时间	
1562	外来语		タクシー	たくしー	takushii	出租车	
1563	外来语		チーム	ちーむ	chiimu	团队	
1564	外来语		チェック	ちぇっく	chiekku	检查	
1565	外来语		チャンス	ちゃんす	chansu	机会	
1566	外来语		チャンネル	ちゃんねる	channeru	频道	
1567	外来语		ディーブイディー	でぃーぶいでぃー	deiibuideii	DVD	
1568	外来语		データ	でーた	deeta	数据	
1569	外来语		テープ	てーぷ	teepu	磁带	
1570	外来语		テーブル	てーぶる	teeburu	桌子	
1571	外来语		テーマ	てーま	teema	主题	
1572	外来语		テキスト	てきすと	tekisuto	课本	
1573	外来语		デザイン	でざいん	dezain	设计	
1574	外来语		テスト	てすと	tesuto	测验	
1575	外来语		テニス	てにす	tenisu	网球	
1576	外来语		デパート	でぱーと	depaato	百货商店	
1577	外来语		テレビ	てれび	terebi	电视	
1578	外来语		テレビゲーム	てれびげーむ	terebigeemu	电子游戏	
1579	外来语		ドア	どあ	doa	门	
1580	外来语		トイレ	といれ	toire	厕所	
1581	外来语		トマト	とまと	tomato	西红柿	
1582	外来语		トラック	とらっく	torakku	卡车	
1583	外来语		ドラマ	どらま	dorama	电视剧	
1584	外来语		トンネル	とんねる	tonneru	隧道	
1585	外来语		ナイフ	ないふ	naifu	刀	
1586	外来语		ニュース	にゅーす	nyuusu	新闻	
1587	外来语		ネクタイ	ねくたい	nekutai	领带	
1588	外来语		ノート	のーと	nooto	笔记本	
1589	外来语		パーティー	ぱーてぃー	paateii	晚会	
1590	外来语		ハイキング	はいきんぐ	haikingu	郊游，远足	
1591	外来语		ハイテク	はいてく	haiteku	高科技	
1592	外来语		バス	ばす	basu	巴士	
1593	外来语		バスケットボール	ばすけっとぼーる	basukettobooru	篮球	
1594	外来语		バス停	ばすてい	basutei	巴士站	てい
1595	外来语		パソコン	ぱそこん	pasokon	个人电脑	
1596	外来语		バレーボール	ばれーぼーる	bareebooru	排球	
1597	外来语		パン	ぱん	pan	面包	
1598	外来语		ハンバーガー	はんばーがー	hanbaagaa	汉堡包	
1599	外来语		ピアノ	ぴあの	piano	钢琴	
1600	外来语		ビール	びーる	biiru	啤酒	
1601	外来语		ビザ	びざ	biza	签证	
1602	外来语		ビジネス	びじねす	bijinesu	商业	
1603	外来语		ビデオ	びでお	bideo	录像，视频	
1604	外来语		ビニール	びにーる	biniiru	塑料	
1605	外来语		ビニール袋	びにーるぶくろ	biniirubukuro	塑料袋	ぶくろ
1606	外来语		ビル	びる	biru	大厦	
1607	外来语		プール	ぷーる	puuru	游泳池	
1608	外来语		プラス	ぷらす	purasu	正的，加	
1609	外来语		プラスチック	ぷらすちっく	purasuchikku	塑料	
1610	外来语		プレゼント	ぷれぜんと	purezento	礼物	
1611	外来语		ページ	ぺーじ	peeji	页	
1612	外来语		ペットボトル	ぺっとぼとる	pettobotoru	塑料瓶	
1613	外来语		ベトナム	べとなむ	betonamu	越南	
1614	外来语		ベランダ	べらんだ	beranda	阳台	
1615	外来语		ベル	べる	beru	铃	
1616	外来语		ペン	ぺん	pen	笔	
1617	外来语		ペンギン	ぺんぎん	pengin	企鹅	
1618	外来语		ポイント	ぽいんと	pointo	要点	
1619	外来语		ホーム	ほーむ	hoomu	月台，家	
1620	外来语		ホームステイ	ほーむすてい	hoomusutei	寄宿家庭	
1621	外来语		ボール	ぼーる	booru	球	
1622	外来语		ボールペン	ぼーるぺん	boorupen	圆珠笔	
1623	外来语		ボタン	ぼたん	botan	纽扣	
1624	外来语		ホテル	ほてる	hoteru	酒店	
1625	外来语		ボランティア	ぼらんてぃあ	boranteia	志愿者	
1626	外来语		ボランティア活動	ぼらんてぃあかつどう	boranteiakatsudou	志愿活动	
1627	外来语		マーボードウフ	まーぼーどうふ	maaboodoufu	麻婆豆腐	
1628	外来语		マイナス	まいなす	mainasu	负数，消极	
1629	外来语		マスター	ますたー	masutaa	掌握，主人	
1630	外来语		マナー	まなー	manaa	礼仪	
1631	外来语		マラソン	まらそん	marason	马拉松	
1632	外来语		マルチメディア	まるちめでぃあ	maruchimedeia	多媒体	
1633	外来语		マンション	まんしょん	manshon	公寓	
1634	外来语		ミリ	みり	miri	毫米 / 升 / 克	
1635	外来语		ミルク	みるく	miruku	牛奶	
1636	外来语		メートル	めーとる	meetoru	米	
1637	外来语		メール	めーる	meeru	邮件	
1638	外来语		メダル	めだる	medaru	奖牌	
1639	外来语		メディア	めでぃあ	medeia	媒体	
1640	外来语		メニュー	めにゅー	menyuu	菜单	
1641	外来语		メンバー	めんばー	menbaa	成员	
1642	外来语		モーター	もーたー	mootaa	马达	
1643	外来语		ヨーロッパ	よーろっぱ	yooroppa	欧洲	
1644	外来语		ラーメン	らーめん	raamen	拉面	
1645	外来语		ラジオ	らじお	rajio	收音机	
1647	外来语		リーダー	りーだー	riidaa	领导者、领袖	
1648	外来语		リズム	りずむ	rizumu	节奏	
1649	外来语		ルール	るーる	ruuru	规则	
1650	外来语		レジ	れじ	reji	收银台	
1651	外来语		レストラン	れすとらん	resutoran	餐厅	
1652	外来语		レベル	れべる	reberu	水平、级别	
1653	外来语		レポート	れぽーと	repooto	报告	
1654	外来语		ローレースカート	ろーれーすかーと	rooreesukaato	低腰裙	
1655	外来语		ロッカー	ろっかー	rokkaa	储物柜	
1656	外来语		ロビー	ろびー	robii	大厅	
1657	外来语		ロボット	ろぼっと	robotto	机器人	
1658	外来语		ワンピース	わんぴーす	wanpiisu	连衣裙	
1659	外来语		マスク	ますく	masuku	口罩	
1660	外来语		ウイルス	ういるす	uirusu	病毒	
1661	外来语		コロナウイルス	ころなういるす	koronauirusu	新冠病毒	
1662	语气词		よ	よ	yo	提醒、告知劝诱、拜托	
1663	语气词		ね	ね	ne	确认、赞同思索	
1664	语气词		よね	よね	yone	确认、不确定类似ね	
1665	语气词		なあ	なあ	naa	发现、感叹	
1666	语气词		ぞ	ぞ	zo	提醒、强烈意志，类似よ	
1667	语气词		わ	わ	wa	感叹、提醒、主张	
1668	语气词		つけ	つけ	tsuke	回忆、确认	
1670	量词		かしかかな	かしかかな	kashikakana	存疑、不确信	
1671	量词		度	ど	do	次。主要用在“一、二”次上，更多的用「回」	ど
1672	量词		番	ばん	ban	号、序号	ばん
1673	量词		本	ほん	hon	树木、笔、瓶子等各种细长的东西。略抽象的牙齿、桥梁、录音带、录像带、电影（几部）、广告、视频、通话次数、论文篇数、车趟次等	ほん
1674	量词		枚	まい	mai	薄的、扁平的东西	まい
1675	量词		歳	さい	sai	年龄	さい
1676	量词		回	かい	kai	次数；漫画章节	かい
1677	量词		台	だい	dai	汽车、自行车等交通工具；电话机、照相机、电视机、冰箱等电器；钢琴、床等器具	だい
1678	量词		階	かい	kai	楼层	かい
1679	量词		ヶ月	かげつ	kagetsu	月数	かかげつ
1680	量词		個	こ	ko	东西	こ
1681	量词		冊	さつ	satsu	书籍、杂志、笔记本等	さつ
1682	量词		種	しゅ	shu	种类	しゅ
1683	量词		匹	ひき	hiki	小动物（鱼、虫、猫、狗等）	ひき
1684	量词		位	い	i	名次、旧官位	い
1685	量词		軒	けん	ken	房屋、店铺	けん
1686	量词		通	つう	tsuu	书信、明信片、电话、邮件等	つう
1687	量词		粒	つぶ	tsubu	颗粒状物品	つぶ
1688	量词		頭	とう	tou	大动物	どう
1689	量词		杯	はい	hai	茶、咖啡、酒、面条等杯装饮食	はい
1690	量词		倍	ばい	bai	倍数	ばい
1692	常用会话短句		お変わりありませんか	おかわりありませんか	okawariarimasenka	您别来无恙？	
1693	常用会话短句		おかわり	おかわり	okawari	再来一杯（碗）	
1694	常用会话短句		そんなことはありませんよ	そんなことはありませんよ	sonnakotohaarimasenyo	没那回事哦	
1695	常用会话短句		ちょっとお願いがありますが	ちょっとおねがいがありますが	chottoonegaigaarimasuga	我有事情拜托您	
1696	常用会话短句		結構です	けっこうです	kekkoudesu	够了、不用了	
1697	常用会话短句		いいです	いいです	iidesu	不要了、不用了	
1698	常用会话短句		いいですよ	いいですよ	iidesuyo	好呀	
1699	常用会话短句		どういたしまして	どういたしまして	douitashimashite	不客气；没关系	
1700	常用会话短句		お邪魔します	おじゃまします	ojamashimasu	多有打扰	
1701	常用会话短句		お邪魔しました	おじゃましました	ojamashimashita	多有打扰	
1702	常用会话短句		もうそろそろ失礼します	もうそろそろしつれいします	mousorosoroshitsureishimasu	我差不多该走了	
1703	常用会话短句		まだいいじゃありませんか	まだいいじゃありませんか	madaiijaarimasenka	这不还早嘛	
1704	常用会话短句		お先に失礼します	おさきにしつれいします	osakinishitsureishimasu	我先告辞了、我挂了	
1705	常用会话短句		お疲れ様でした	おつかれさまでした	otsukaresamadeshita	您辛苦了	
1706	常用会话短句		ご苦労様でした	ごくろうさまでした	gokurousamadeshita	辛苦了	
1707	常用会话短句		悪いですね	わるいですね	waruidesune	不好意思	
1708	常用会话短句		ごめん・ごめんなさい	ごめん・ごめんなさい	gomen gomennasai	对不起	
1709	常用会话短句		ごめんください	ごめんください	gomenkudasai	有人在吗？	
1710	常用会话短句		それはいけませんね	それはいけませんね	sorehaikemasenne	那可不行呀	
1711	常用会话短句		よくいらっしゃいました	よくいらっしゃいました	yokuirasshaimashita	欢迎，路上辛苦了	
1712	常用会话短句		そうしましょう	そうしましょう	soushimashou	就那样办吧	
1713	常用会话短句		どうしょう	どうしょう	doushou	怎么办呀	
1714	常用会话短句		どうしたの	どうしたの	doushitano	你怎么了	
1715	常用会话短句		お手伝いしましょうか	おてつだいしましょうか	otetsudaishimashouka	我帮您吧	
1716	常用会话短句		それは助かります	それはたすかります	sorehatasukarimasu	帮大忙了	
1717	常用会话短句		ちょっとそこまで	ちょっとそこまで	chottosokomade	我出去一趟	
1718	常用会话短句		どんでもありません	どんでもありません	dondemoarimasen	哪里的话	
1719	常用会话短句		気持ちだけです	きもちだけです	kimochidakedesu	一点心意	
1720	常用会话短句		つまらないものですが	つまらないものですが	tsumaranaimonodesuga	略表心意	
1721	常用会话短句		ほんの気持ちだけ	ほんのきもちだけ	honnokimochidake	就一点心意	
1722	常用会话短句		申し訳ございませんが	もうしわけございませんが	moushiwakegozaimasenga	不好意思	
1723	常用会话短句		それは困ります	それはこまります	sorehakomarimasu	那可困扰了	
1724	常用会话短句		楽しみにしています	たのしみにしています	tanoshiminishiteimasu	我期待着	
1725	常用会话短句		行ってきます	いってきます	ittekimasu	我去去就来	
1726	常用会话短句		行ってらっしゃい	いってらっしゃい	itterasshai	您走好	
1727	常用会话短句		ただいま	ただいま	tadaima	我回来了	
1728	常用会话短句		お帰りなさい	おかえりなさい	okaerinasai	您回来了	
1729	常用会话短句		いただきます	いただきます	itadakimasu	我开动了	
1731	常用惯用表达		ごちそうさまでした	ごちそうさまでした	gochisousamadeshita	多谢款待	
1732	常用惯用表达		いらっしゃいませ	いらっしゃいませ	irasshaimase	欢迎光临	
1733	常用惯用表达		どうぞ、ご遠慮なく	どうぞ、ごえんりょなく	douzo, goenryonaku	请您别客气	
1734	常用惯用表达		遠慮なくいただきます	えんりょなくいただきます	enryonakuitadakimasu	那我不客气了	
1735	常用惯用表达		お粗末さまでした	おそまつさまでした	osomatsusamadeshita	招待不周，请多包涵	
1736	常用惯用表达		どうぞおかまいたく	どうぞおかまいたく	douzookamaitaku	您不用张罗了	
1737	常用惯用表达		後の祭り	あとのまつり	atonomatsuri	事后诸葛亮	
1738	常用惯用表达		足を洗う	あしをあらう	ashiwoarau	金盆洗手	
1739	常用惯用表达		頭が上がらない	あたまがあがらない	atamagaagaranai	抬不起头来	
1740	常用惯用表达		頭にくる	あたまにくる	atamanikuru	生气、上头	
1741	常用惯用表达		頭を下げる	あたまをさげる	atamawosageru	低头、认错	
1742	常用惯用表达		一も二もなく	いちもにもなく	ichimonimonaku	二话不说	
1743	常用惯用表达		痛い目にあう	いたいめにあう	itaimeniau	感到为难、倒霉	
1744	常用惯用表达		痛くもかゆくない	いたくもかゆくない	itakumokayukunai	不疼不痒	
1745	常用惯用表达		いい迷惑	いいめいわく	iimeiwaku	真够麻烦	
1746	常用惯用表达		大きいことを言う	おおきいことをいう	ookiikotowoiu	说大话	
1747	常用惯用表达		顔が広い	かおがひろい	kaogahiroi	交际广	
1748	常用惯用表达		顔が立つ	かおがたつ	kaogatatsu	有面子	
1749	常用惯用表达		顔を立てる	かおをたてる	kaowotateru	捧场	
1750	常用惯用表达		風邪を引く	かぜをひく	kazewohiku	感冒	
1751	常用惯用表达		気がする	きがする	kigasuru	感觉	
1752	常用惯用表达		気が早い	きがはやい	kigahayai	心急	
1753	常用惯用表达		気が短い	きがみじかい	kigamijikai	性急、动肝火	
1754	常用惯用表达		気が長い	きがながい	kiganagai	慢性子、不急躁	
1755	常用惯用表达		気が付く	きがつく	kigatsuku	注意到、醒过来	
1756	常用惯用表达		気にする	きにする	kinisuru	担心、在意	
1757	常用惯用表达		気になる	きになる	kininaru	担心、在意	
1758	常用惯用表达		気に入る	きにいる	kiniiru	喜欢、中意	
1759	常用惯用表达		気を回す	きをまわす	kiwomawasu	猜疑、猜测	
1760	常用惯用表达		気を使う	きをつかう	kiwotsukau	注意、留心	
1761	常用惯用表达		気を配る	きをくばる	kiwokubaru	警惕、注意	
1762	常用惯用表达		気を付ける	きをつける	kiwotsukeru	小心	
1763	常用惯用表达		切りがない	きりがない	kiriganai	没完没了	
1764	常用惯用表达		口が滑る	くちがすべる	kuchigasuberu	嘴滑、说漏嘴	
1765	常用惯用表达		口を揃える	くちをそろえる	kuchiwosoroeru	异口同声	
1766	常用惯用表达		首になる	くびになる	kubininaru	被炒鱿鱼	
1767	常用惯用表达		首をする	くびをする	kubiwosuru	炒～鱿鱼	
1768	常用惯用表达		けんかを買う	けんかをかう	kenkawokau	接受挑衅而干架	
1769	常用惯用表达		けんかを売る	けんかをうる	kenkawouru	找茬吵架、挑衅	
1770	常用惯用表达		心を奪われる	こころをうばわれる	kokorowoubawareru	被吸引、被迷住	
1771	常用惯用表达		心配をかける	しんぱいをかける	shinpaiwokakeru	让～担心	
1772	常用惯用表达		神経が太い	しんけいがふとい	shinkeigafutoi	神经粗、心大	
1773	常用惯用表达		神経を使う	しんけいをつかう	shinkeiwotsukau	费神、耗费精力	
1774	常用惯用表达		舌を巻く	したをまく	shitawomaku	惊叹不已	
1775	常用惯用表达		白い目で見る	しろいめでみる	shiroimedemiru	白眼、冷眼对待	
1776	常用惯用表达		世話になる	せわになる	sewaninaru	受到～照顾	
1777	常用惯用表达		世話をする・見る	せわをする・みる	sewawosuru miru	照顾	
1778	常用惯用表达		世話を焼く	せわをやく	sewawoyaku	照顾	
1779	常用惯用表达		態度が大きい	たいどがおおきい	taidogaookii	架子大	
1780	常用惯用表达		旅に立つ	たびにたつ	tabinitatsu	动身去旅行	
1781	常用惯用表达		手・力を貸す	て・ちからをかす	te chikarawokasu	帮忙、出力	
1782	常用惯用表达		手も足も出ない	てもあしもでない	temoashimodenai	束手无策	
1783	常用惯用表达		手を回す	てをまわす	tewomawasu	提前安排	
1784	常用惯用表达		手を焼く	てをやく	tewoyaku	束手无策	
1785	常用惯用表达		手を切る	てをきる	tewokiru	断绝关系	
1786	常用惯用表达		手を打つ	てをうつ	tewoutsu	采取措施	
1787	常用惯用表达		手を抜く	てをぬく	tewonuku	偷工减料	
1788	常用惯用表达		電話が遠い	でんわがとおい	denwagatooi	电话听不清	
1789	常用惯用表达		時が経つ	ときがたつ	tokigatatsu	时间流逝	
1790	常用惯用表达		時が流れる	ときがながれる	tokiganagareru	时间流逝	
1791	常用惯用表达		どうしようもない	どうしようもない	doushiyoumonai	毫无办法	
1792	常用惯用表达		習うより慣れよ	ならうよりなれよ	narauyorinareyo	熟能生巧	
1793	常用惯用表达		似たり寄ったり	にたりよったり	nitariyottari	大同小异	
1794	常用惯用表达		根も葉もない	ねもはもない	nemohamonai	毫无根据	
1795	常用惯用表达		鼻が高い	はながたかい	hanagatakai	得意洋洋	
1796	常用惯用表达		腹が減った	はらがへった	haragahetta	肚子饿	
1797	常用惯用表达		腹が黒い	はらがくろい	haragakuroi	腹黑	
1798	常用惯用表达		腹が立つ	はらがたつ	haragatatsu	生气	
1799	常用惯用表达		腹を読む	はらをよむ	harawoyomu	揣度别人内心	
1800	常用惯用表达		暇を盗む	ひまをぬすむ	himawonusumu	忙里偷闲	
1801	常用惯用表达		ひどい目に遭う	ひどいめにあう	hidoimeniau	倒霉	
1802	常用惯用表达		下手に口を出す	へたにくちをだす	hetanikuchiwodasu	胡说	
1803	常用惯用表达		下手に手を出す	へたにてをだす	hetanitewodasu	贸然出手	
1804	常用惯用表达		耳にする	みみにする	miminisuru	无意中听到	
1805	常用惯用表达		耳に入る	みみにはいる	miminihairu	传到耳朵里	
1806	常用惯用表达		耳に入れる	みみにいれる	miminiireru	告诉	
1807	常用惯用表达		耳を傾ける	みみをかたむける	mimiwokatamukeru	侧耳倾听	
1808	常用惯用表达		水に流す	みずにながす	mizuninagasu	既往不咎	
1809	常用惯用表达		迷惑をかける	めいわくをかける	meiwakuwokakeru	添麻烦	
1810	常用惯用表达		面倒をかける	めんどうをかける	mendouwokakeru	添麻烦	
1811	常用惯用表达		面倒を見る	めんどうをみる	mendouwomiru	照顾	
1812	常用惯用表达		目が遠い	めがとおい	megatooi	年老眼花	
1813	常用惯用表达		目が回るほど忙しい	めがまわるほどいそがしい	megamawaruhodoisogashii	忙得不可开交	
1814	常用惯用表达		目が高い	めがたかい	megatakai	有眼光、识货	
1815	常用惯用表达		目を通す	めをとおす	mewotoosu	过目、浏览	
1816	常用惯用表达		目を盗む	めをぬすむ	mewonusumu	偷摸、背地里	
1817	常用惯用表达		目を引く	めをひく	mewohiku	吸引人目光	
1818	常用惯用表达		焼きもちを焼く	やきもちをやく	yakimochiwoyaku	嫉妒	
1819	常用惯用表达		役に立つ	やくにたつ	yakunitatsu	有用、有帮助	